id,name,category,breadcrumbs,short_description,description,price,best_for,review_score,review_count,image_url,url
64465,"NOW Foods, Probiotic-10, 100 Billion, 30 Veg Capsules",Gut Health,Categories > Supplements > Gut Health > Probiotics,"10 Probiotic Strains | Restorative Care | Dairy, Soy, & Gluten Free | For Temporary Disruptions to Intestinal Balance | Kosher | Non-GMO | A Dietary Supplement | Vegetarian/Vegan | Strain Verified | Digestive | Family Owned Since 1968 | Quality GMP Assured","• 10 Probiotic Strains
• Restorative Care
• Dairy, Soy, & Gluten Free
• For Temporary Disruptions to Intestinal Balance
• Kosher
• Non-GMO
• A Dietary Supplement
• Vegetarian/Vegan
• Strain Verified
• Digestive
• Family Owned Since 1968
• Quality GMP Assured

Now® Probiotic-10™ offers a balanced spectrum of live organisms consisting of acid-resistant probiotic bacterial strains that are known to naturally colonize the human GI Tract. Probiotic bacteria are critical for healthy digestion, help maintain the integrity of the intestinal lining, support proper intestinal motility and participate in the detoxification process. This potent Probiotic-10™ formula delivers 100 billion live organisms to help restore healthy flora following occasional but temporary disruptions to intestinal balance.

This product is formulated to deliver a potency of 100 Billion CFU through the best by date.

This probiotic strains in this product have been identity-verified using DNA-fingerprinting technology.

Suggested use
Take 1 capsule daily between meals or on an empty stomach.

Warning
Keep refrigerated to maintain potency. Consult physician if pregnant/nursing, taking medication (especially immune-suppressing drugs), or have a medical condition (especially if immune system is compromised). Keep out of reach of children.

Other Ingredients
Hypromellose (cellulose capsule), microcrystalline cellulose, FOS (fructooligosaccharides), ascorbyl palmitate and silicon dioxide. Not manufactured with wheat, gluten, soy, milk, egg, fish, shellfish or tree nut ingredients. Produced in a GMP facility that processes other ingredients containing these allergens.",2840.88,Gut Health,4.7,4334,"https://cloudinary.images-iherb.com/image/upload/f_auto,q_auto:eco/images/now/now02931/g/27.jpg",https://in.iherb.com/pr/now-foods-probiotic-10-100-billion-30-veg-capsules/64465
95327,"California Gold Nutrition, Probiotics with Lactobacillus acidophilus, Bifidobacterium lactis, Lactobacillus plantarum, and Lactobacillus casei, 10 Strain Blend, 25 Billion CFU, 60 Veggie Capsules",Probiotics,Categories > Supplements > Gut Health > Probiotics > Lactobacillus,"California Gold Nutrition Probiotics | 10 Strain Blend, 25 Billion CFU | Supports Digestive and Immune Health* | Suitable for Vegetarians and Vegans | Formulated without Gluten, GMOs, or Soy | Produced in a GMP Facility","• California Gold Nutrition Probiotics
• 10 Strain Blend, 25 Billion CFU
• Supports Digestive and Immune Health*
• Suitable for Vegetarians and Vegans
• Formulated without Gluten, GMOs, or Soy
• Produced in a GMP Facility

Our bodies are home to a microbiome of good bacteria that can help support daily bodily functions. California Gold Nutrition Probiotics contains 10 different strains of these good bacteria, which can help support digestive and immune health.*

Benefits of Taking Probiotic Supplements

Though our bodies have naturally-occurring good bacteria, sometimes our natural microbiome can become unbalanced with too few good bacteria. This can potentially create an environment where bad bacteria can thrive, which may cause digestive issues. Taking a daily probiotic supplement can help to balance the body’s microbiome with enough good bacteria to help support digestive and immune health.*

California Gold Nutrition Probiotics contains a 10 strain blend of probiotics with 25 billion CFU in veggie capsules. When taken as directed, this provides approximately a 2-month supply.

Our products undergo quality testing where they are evaluated by an independent ISO-certified lab using scientifically-validated test methods to ensure authenticity, purity, and potency of ingredients. For added transparency, we make the results available to you in our iTested Verified Reports so you can see for yourself.

Check out the iTested Report for this product to see the analysis.

Suggested use
Take 1 capsule daily, with or without food. Best when taken as directed by a qualified healthcare professional.

Warning
Keep out of reach of children. Consult with a licensed physician, pharmacist, naturopath or other qualified healthcare professional prior to taking dietary supplements. Sealed for your protection. Do not use if seal is missing or broken. Store in a cool, dry place. Protect from heat, light, and moisture. Best kept refrigerated to maintain potency. Natural color variation may occur. Do not eat freshness packet, keep in bottle.

Other Ingredients
Main Ingredients Probiotic Bacteria Blend: Lactobacillus acidophilus, Bifidobacterium lactis, Lactobacillus plantarum, Lactobacillus casei, Lactobacillus rhamnosus, Lactobacillus paracasei, Bifidobacterium breve, Streptococcus thermophilus, Lactobacillus salivarius, Bifidobacterium longum. Other Ingredients Microcrystalline Cellulose, Modified Cellulose (Hypromellose Veggie Capsule), Fructooligosaccharides (FOS), Ascorbyl Palmitate, and Silicon Dioxide (Silica). Not manufactured with milk, eggs, fish, crustacean shellfish, tree nuts, peanuts, wheat, soy, sesame, or gluten. Produced in an FDA-registered, third-party audited, and cGMP-compliant facility that may process other products that contain these allergens or ingredients.",1094.69,Probiotics,4.6,13325,"https://cloudinary.images-iherb.com/image/upload/f_auto,q_auto:eco/images/lkn/lkn01422/g/113.jpg",https://in.iherb.com/pr/california-gold-nutrition-probiotics-with-lactobacillus-acidophilus-bifidobacterium-lactis-lactobacillus-plantarum-and-lactobacillus-casei-10-strain-blend-25-billion-cfu-60-veggie-capsules/95327
124,"Jarrow Formulas, Jarro-Dophilus EPS, 60 Veggie Caps (5 Billion per Capsule)",Gut Health,Categories > Supplements > Gut Health > Intestinal Formulas,Vegetarian | Enhanced Probiotic System™ | 8 Clinically Studied Strains | Probiotics | Daily Gut Balance | Helps Regulate and Maintain the Health of the Intestinal Tract | 8 Complementary Strains | EnteroGuard® Coating | Non-GMO | Gluten Free | Probiotic Supplement,"• Vegetarian
• Enhanced Probiotic System™
• 8 Clinically Studied Strains
• Probiotics
• Daily Gut Balance
• Helps Regulate and Maintain the Health of the Intestinal Tract
• 8 Complementary Strains
• EnteroGuard® Coating
• Non-GMO
• Gluten Free
• Probiotic Supplement

When it comes to effective probiotics, clinically documented Strains Matter®. As an innovator of consumer probiotics since 1986, Jarrow Formulas® takes great pride in using high-quality and scientifically documented strains that have been developed through years of research and innovation.

8 Clinically Studied Strains in an Enhanced Probiotic System™ (EPS)

Jarro-Dophilus® EPS supports the health of the intestinal tract with a balanced mixture of carefully selected probiotic strains for intestinal and immune health. These strains have been clinically shown to have a positive influence on intestinal and/or immune health.

Our 8 complementary strains of probiotic bacteria are delivered via proprietary enteric coated capsules (EnteroGuard®) that protect it from stomach acid and delivers the potency of friendly bacteria needed to support a healthy gut. Jarro-Dophilus® EPS is blister-packed to protect the capsules from moisture and room temperature stable so it does not require refrigeration.

Live Probiotic Guarantee

When kept under recommended storage conditions, Jarrow® Probiotics are formulated to ensure CFU counts are guaranteed within best used before date.

EnteroGuard® - Protects Probiotics from Stomach Acid

Blister Packed - Protects Probiotic Bacteria from Moisture and Oxygen for Superior Stability

Shelf Life: Stability - Formulated with Strains That are Stable at Room Temperature (77°F)

Suggested use
Adults take 2 capsules once a day with water or juice, preferably on an empty stomach, or as directed by your qualified healthcare professional.

Warning
Consult a healthcare professional before using this product if you are pregnant, nursing, under the age of 18, are taking medication or have a medical condition; if adverse reactions occur, discontinue use. Keep out of the reach of children. Do not use if safety seal or blister is broken, damaged or missing. No Refrigeration Necessary. Does not require refrigeration and can be stored at room temperature in a cool, dry place. Avoid storage at temperature above 77ºF (25℃). Refrigeration, however extends shelf life.

Other Ingredients
Potato starch, capsule (hydroxypropylmethylcellulose, water), enteric coating (hypromellose, ethylcellulose, sodium alginate, medium chain triglycerides [modified coconut oil], oleic acid, stearic acid [vegetable source]), magnesium stearate (vegetable source) and ascorbic acid (antioxidant). Contains: Milk and soy (in trace amounts).",2568.65,Gut Health,4.5,18264,"https://cloudinary.images-iherb.com/image/upload/f_auto,q_auto:eco/images/jrw/jrw03020/g/112.jpg",https://in.iherb.com/pr/jarrow-formulas-jarro-dophilus-eps-60-veggie-caps-5-billion-per-capsule/124
40594,"Jarrow Formulas, Vegan Jarro-Dophilus Plus FOS, 100 Veggie Capsules",Gut Health,Categories > Supplements > Gut Health > Probiotics,3.4 Billion CFU | 6 Clinically Studied Strains | Probiotic + Prebiotic | Helps Protect and Maintain Gut Health | Gluten Free | Probiotics Supplement | Igen™ Non-GMO Tested | IPRO™,"• 3.4 Billion CFU
• 6 Clinically Studied Strains
• Probiotic + Prebiotic
• Helps Protect and Maintain Gut Health
• Gluten Free
• Probiotics Supplement
• Igen™ Non-GMO Tested
• IPRO™

Jarro-Dophilus® + FOS is a synbiotic with 6 probiotic strains combined with a prebiotic. These strains have been clinically shown to help protect and maintain a balanced intestinal microflora, and/or support the immune system and intestinal health. FOS is a naturally derived prebiotic that supports the growth of beneficial bacteria in the intestinal tract.

Suggested use
Adults take 1 capsule 1-3 times a day during or shortly after a meal or take as directed by your qualified healthcare professional.

Warning
Note: Color of product naturally varies from white to tan. Consult a healthcare professional before using this product if you are pregnant, nursing, under the age of 18, are taking medication or have a medical condition; if adverse reactions occur, discontinue use. Keep out of the reach of children. Keep refrigerated. Do not use if safety seal is damaged or missing.

Other Ingredients
Capsule (hydroxypropylmethylcellulose, water), tapioca starch, maltodextrin, magnesium stearate (vegetable source), ascorbic acid (antioxidant) and calcium phosphate. Contains: Soy (in trace amounts).",1849.24,Gut Health,4.7,509,"https://cloudinary.images-iherb.com/image/upload/f_auto,q_auto:eco/images/jrw/jrw03001/g/15.jpg",https://in.iherb.com/pr/jarrow-formulas-vegan-jarro-dophilus-plus-fos-100-veggie-capsules/40594
69435,"California Gold Nutrition, LactoBif® 100 Probiotics, 100 Billion CFU, 30 Veggie Capsules",Gut Health,Categories > Supplements > Gut Health > Intestinal Formulas,"California Gold Nutrition LactoBif® 100 Probiotics | Featuring 8 Active and Clinically-Researched Probiotic Strains 1 , Including 5 Lactobacilli and 3 Bifidobacteria | With 100 Billion CFU Per Capsule | Supports Digestive and Gut Health* | Promotes Immune System Health* | Suitable for Vegetarians | Formulated without Dairy, Gluten, GMOs, or Soy | Produced in a 3rd Party Audited cGMP Registered (Certified) Facility | 100% Gold Guarantee","• California Gold Nutrition LactoBif® 100 Probiotics
• Featuring 8 Active and Clinically-Researched Probiotic Strains 1 , Including 5 Lactobacilli and 3 Bifidobacteria
• With 100 Billion CFU Per Capsule
• Supports Digestive and Gut Health*
• Promotes Immune System Health*
• Suitable for Vegetarians
• Formulated without Dairy, Gluten, GMOs, or Soy
• Produced in a 3rd Party Audited cGMP Registered (Certified) Facility
• 100% Gold Guarantee

Your body is full of helpful bacteria that support important functions, but your natural microbiome can become unbalanced, often resulting in unpleasant digestive issues. California Gold Nutrition LactoBif® 100 Probiotics can help keep your gut balanced by introducing more good bacteria into your system, which can help promote digestive and immune health and potentially relieve common digestive symptoms.*

Benefits of Taking Probiotics This proprietary bacteria blend is packed with several beneficial probiotic strains. Our formula includes Lactobacillus acidophilus , one of the best-known probiotics. This strain may help to support the immune system.* In addition, we’ve included another well-known strain, Bifidobacterium longum , which can help promote gut health through the production of lactic and acetic acid.* Our unique blend is designed to help promote digestive health and may help calm common digestive concerns, like upset stomach, gas, constipation, diarrhea, and bloating.

California Gold Nutrition Lactobif® 100 Probiotics contain 8 active probiotic strains 1 , including 5 Lactobacilli and 3 Bifidobacteria. Each veggie capsule contains 100 billion CFU to deliver an effective number of good bacteria to the body.

Suggested use
Take 1 capsule daily, with or without food. Best when taken as directed by a qualified healthcare professional.

Warning
Keep out of reach of children. Consult with a licensed physician, pharmacist, naturopath or other qualified healthcare professional prior to taking dietary supplements. Individually Double-Foil Blister Sealed for quality and your protection. Do not use if blister pack material is punctured or missing. Store in a cool, dry place. Protect from heat, light, and moisture. Potency guaranteed until expiration date when stored in a cool, dry place at 77°F (25°C) or below. Refrigeration is not required, but highly recommended . 1 1 Room Temperature, Shelf-Stable: Best stored at controlled room temperature 20°C to 25°C (68°F to 77°F). Refrigeration is not required, but highly recommended. Extended exposure to higher than recommended storage temperatures may cause product degradation and the reduction of live and active probiotic bacteria. Potency guaranteed until expiration date when stored in a cool, dry place, at 77°F (25°C) or below. 2 In Vitro studies conducted by probiotic raw material supplier.

Other Ingredients
Main Ingredients Probiotic Bacteria Blend Other Ingredients Modified Cellulose (Hypromellose Veggie Capsule), Microcrystalline Cellulose, Magnesium Stearate, and Silicon Dioxide (Silica). Not manufactured with milk, eggs, fish, crustacean shellfish, tree nuts, peanuts, wheat, soy, sesame, or gluten. Produced in an FDA-registered, third-party audited, and cGMP-compliant facility that may process other products that contain these allergens or ingredients.",2918,Gut Health,4.7,24162,"https://cloudinary.images-iherb.com/image/upload/f_auto,q_auto:eco/images/cgn/cgn01053/g/169.jpg",https://in.iherb.com/pr/california-gold-nutrition-lactobif-100-probiotics-100-billion-cfu-30-veggie-capsules/69435
99885,"Jarrow Formulas, Jarro-Dophilus Kids, Daily Probiotic + Prebiotic, Raspberry, 1 Billion CFU, 60 Chewable Tablets",Children's Health,Categories > Baby & Kids > Children's Health > Children's Probiotics,Other Natural Flavors | Vegan | 4 Clinically Studied Strains | Supports Intestinal and Immune Health | Sugar Free | Non-GMO | Gluten Free | Probiotics Supplement | IPRO™ | Xylitol Used to Enhance the Taste,"• Other Natural Flavors
• Vegan
• 4 Clinically Studied Strains
• Supports Intestinal and Immune Health
• Sugar Free
• Non-GMO
• Gluten Free
• Probiotics Supplement
• IPRO™
• Xylitol Used to Enhance the Taste

When it comes to effective probiotics, clinically documented Strains Matter®. As an innovator of consumer probiotics since 1986, Jarrow Formulas® takes great pride in using high-quality and scientifically documented strains that have been developed through years of research and innovation.

Each tablet is individually blister packed for enhanced stability and convenience.

Jarro-Dophilus® Kids provides 4 clinically documented strains of beneficial bacteria in a yummy chewable tablet. Beneficial intestinal flora can be negatively affected or reduced by a diet that is low in fiber or high in animal protein, or travel and stress. The result is disruption of the intestinal microflora that can adversely impact digestive function and well-being. The friendly bacteria in Jarro-Dophilus® Kids help maintain a balanced intestinal microflora, and support the immune system.

Live Probiotic Guarantee

When kept under recommended storage conditions, Jarrow® Probiotics are formulated to ensure CFU counts are guaranteed within Best Used Before date.

Protects probiotic bacteria from moisture and oxygen for superior stability.

Suggested use
Take 2 chewable tablets once a day, during or shortly after a meal. Recommended for children age 2 and above under the supervision of a parent or caregiver. May take up to 4 tablets a day or as directed by your qualified healthcare professional. No refrigeration necessary.

Warning
Consult a healthcare professional before using this product if your child has a medical condition; if adverse reactions occur, discontinue use. Keep out of the reach of children. Does not require refrigeration and can be stored at room temperature in a cool, dry place. Avoid storage at temperature above 77ºF (25℃). Refrigeration, however extends shelf life. Store in a cool dry place. Do not use if safety seal or blister is broken, damaged or missing.

Other Ingredients
Xylitol, microcrystalline cellulose, maltodextrin, stearic acid (vegetable source), natural flavor, magnesium stearate (vegetable source), glycerin fatty acid esters (vegetable source), beet powder (color), silicon dioxide, monk fruit extract and citric acid. No wheat, gluten, soybeans, dairy, egg, fish/shellfish, peanuts/tree nuts or sesame. No synthetic dyes, artificial sweeteners or flavors.",1487.12,Children's Health,4.8,780,"https://cloudinary.images-iherb.com/image/upload/f_auto,q_auto:eco/images/jrw/jrw03069/g/49.jpg",https://in.iherb.com/pr/jarrow-formulas-jarro-dophilus-kids-daily-probiotic-prebiotic-raspberry-1-billion-cfu-60-chewable-tablets/99885
55590,"NOW Foods, Probiotic-10 Powder, 2 oz (57 g)",Gut Health,Categories > Supplements > Gut Health > Probiotics,"10 Probiotic Strains | Healthy Intestinal Flora | Dairy, Soy & Gluten Free | Clinically Validated Strains | Non GMO | A Dietary Supplement | Vegetarian/Vegan | Strain Verified | Probiotics/Enzymes/Digestive | Family Owned Since 1968 | GMP Quality Assured","• 10 Probiotic Strains
• Healthy Intestinal Flora
• Dairy, Soy & Gluten Free
• Clinically Validated Strains
• Non GMO
• A Dietary Supplement
• Vegetarian/Vegan
• Strain Verified
• Probiotics/Enzymes/Digestive
• Family Owned Since 1968
• GMP Quality Assured

NOW Probiotic 10™ offers a balanced spectrum of live organisms consisting of acid-resistant probiotic bacterial strains that are known to naturally colonize the human GI tract. Probiotic bacteria are critical for healthy digestion, help maintain the integrity of the intestinal lining, support proper intestinal motility and participate in the detoxification process. Probiotic-10™ utilizes bacterial strains that have been clinically validated for their support of healthy immune system function.

Probiotic strains in this product have been identity- verified using DNA-fingerprinting technology.

Suggested use
Mix 1/2 teaspoon into 4-6 oz. of water or juice daily. Drink immediately. Best when taken between meals or on an empty stomach. Keep refrigerated to maintain potency.

Warning
Consult physician if pregnant/nursing, taking medication, or have a medical condition. Keep out of reach of children. Do not eat freshness packet enclosed.

Other Ingredients
Organic inulin and FOS (fructooligosaccharides). Not manufactured with wheat, gluten, soy, milk, egg, fish, shellfish or tree nut ingredients. Produced in a GMP facility that processes other ingredients containing these allergens.",2217.09,Gut Health,4.8,106,"https://cloudinary.images-iherb.com/image/upload/f_auto,q_auto:eco/images/now/now02927/g/17.jpg",https://in.iherb.com/pr/now-foods-probiotic-10-powder-2-oz-57-g/55590
69214,"Doctor's Best, L-Citrulline Powder, 7 oz (200 g)",Amino Acids,Categories > Supplements > Amino Acids > L-Citrulline,"Science-Based Nutrition™ | Supports Circulatory Health | Dietary Supplement | Non-GMO, Gluten Free, Soy Free, Vegan | Plays a crucial role in nitric oxide metabolism | Helps alleviate muscle soreness | Supports vascular health","• Science-Based Nutrition™
• Supports Circulatory Health
• Dietary Supplement
• Non-GMO, Gluten Free, Soy Free, Vegan
• Plays a crucial role in nitric oxide metabolism
• Helps alleviate muscle soreness
• Supports vascular health

At Doctor's Best, we are pumped about maintaining peak performance and unwavering energy. Our L-Citrulline powder is carefully crafted to empower an energetic and vibrant lifestyle.

Suggested use
Adult Use: Mix 1 level scoop with 8 oz. of water or a beverage of your choice before a workout, or as recommended by a nutritionally informed physician.

Warning
Do not use in conjunction with vasodilating medications. The density of powdered ingredients in this product naturally varies from lot to lot. Over time, the powder settles, causing the container to appear less full than when it was first packaged. Store in a cool dry place. Product is sold by weight not by volume.

Other Ingredients
None. No added or artificial flavors, colors, or preservatives.",2022.86,Amino Acids,4.7,2695,"https://cloudinary.images-iherb.com/image/upload/f_auto,q_auto:eco/images/drb/drb00437/g/113.jpg",https://in.iherb.com/pr/doctor-s-best-l-citrulline-powder-7-oz-200-g/69214
63469,"Doctor's Best, Pure L-Arginine Powder, 10.6 oz (300 g)",Amino Acids,Categories > Supplements > Amino Acids > L-Arginine,Science-Based Nutrition™ | Dietary Supplement | Vegan | Non-GMO / Gluten Free / Soy Free | Helps boost nitric oxide (NO) levels to support overall cardiovascular health. | Helps support immune system. | Helps support athletic endurance. | Helps support recovery from athletic performance.,"• Science-Based Nutrition™
• Dietary Supplement
• Vegan
• Non-GMO / Gluten Free / Soy Free
• Helps boost nitric oxide (NO) levels to support overall cardiovascular health.
• Helps support immune system.
• Helps support athletic endurance.
• Helps support recovery from athletic performance.

Doctor's Best L-Arginine supplies an amino acid vital in the synthesis of nitric oxide, which is an essential compound that helps blood circulation.

Arginine-derived nitric oxide benefits wound healing and overall circulation, and has been shown to help increase mental acuity, immune function, and memory.

Research suggests that L-Arginine supplementation helps increase muscle mass and may also positively be beneficial in improving endurance as it is a precursor to creatine, which helps supply energy to all cells of the body.

Suggested use
Adult Use: Mix 1 level scoop in 8 oz juice or beverage of your choice daily, or as recommended by a nutritionally informed physician.

Warning
Not intended for individuals under the age of 18. Consult your physician if pregnant, nursing, have a medical condition, taking nitrates, warfarin, sildenafil (Viagra), medications for hypertension, diabetes, or other supplement that may lower blood pressure while taking in concomitant with this product. Keep out of reach of children. Note: The density of powdered ingredients in this product naturally varies from lot to lot. Over time, the powder settles, causing the container to appear less full than when it was first packaged. Store in a cool dry place. Product is sold by weight not by volume.

Other Ingredients
None.",1686.54,Amino Acids,4.6,2347,"https://cloudinary.images-iherb.com/image/upload/f_auto,q_auto:eco/images/drb/drb00374/g/97.jpg",https://in.iherb.com/pr/doctor-s-best-pure-l-arginine-powder-10-6-oz-300-g/63469
71026,"California Gold Nutrition, Sport, Creatine Monohydrate, Unflavored, 1 lb (454 g)",Creatine,Categories > Sports > Creatine > Creatine Monohydrate,5 g Creatine Monohydrate per Serving | Unflavored Powder,"• 5 g Creatine Monohydrate per Serving
• Unflavored Powder

California Gold Nutrition® Sport Creatine powder can be added to Electrolyte/Hydration/Endurance Beverages, Protein Shakes, Meal Replacement Powders, Weight Gainers or Smoothies. Studies suggest that creatine can help to increase lean muscle mass, reduce muscle fatigue and enhance physical or athletic performance.*

Suggested use
Mix 1 level scoop daily with 6-8 ounces of water or the beverage of your choice. For best results, use a blender-type bottle or shaker cup. Best when taken as directed by a qualified healthcare professional or athletic trainer. Note: 5 grams per 1 level scoop is an average. Individual scooping technique may yield slightly less than or slightly more than 5 grams.

Warning
Keep out of the reach of children. Consult with a licensed physician, pharmacist,naturopath or other qualified healthcare professional prior to taking dietary supplements. Sealed for your protection. Do not use if seal is missing or broken. Store in a cool, dry place. Protect from heat, light, and moisture. THIS PRODUCT IS PACKAGED AND SOLD BY WEIGHT, NOT BY VOLUME. SETTLING OF CONTENTS OCCURS OVER TIME. CONTAINS A FOOD-GRADE MOISTURE ABSORBER TO MAINTAIN FRESHNESS. DO NOT EAT.

Other Ingredients
Main Ingredients Creatine Monohydrate Other Ingredients None. Not manufactured with milk, eggs, fish, crustacean shellfish, tree nuts, peanuts, wheat, soy, sesame, or gluten. Produced in an FDA-registered, third-party audited, and cGMP-compliant facility that may process other products that contain these allergens or ingredients.",1823.21,Creatine,4.8,23304,"https://cloudinary.images-iherb.com/image/upload/f_auto,q_auto:eco/images/cgn/cgn01059/g/144.jpg",https://in.iherb.com/pr/california-gold-nutrition-sport-creatine-monohydrate-unflavored-1-lb-454-g/71026
72313,"California Gold Nutrition, L-Arginine, 500 mg , 60 Veggie Capsules",Amino Acids,Categories > Supplements > Amino Acids > L-Arginine,"California Gold Nutrition® L-Arginine | Featuring Pharmaceutical-Grade AjiPure® Amino Acids | Supports Nitric Oxide Production and Vascular Health* | Plays an Important Role in Athletic and Male Sexual Health* | Suitable for Vegetarians and Vegans | Formulated without Gluten, GMOs, or Soy | Produced in a 3rd Party Audited cGMP Registered (Certified) Facility | 100% Gold Guarantee","• California Gold Nutrition® L-Arginine
• Featuring Pharmaceutical-Grade AjiPure® Amino Acids
• Supports Nitric Oxide Production and Vascular Health*
• Plays an Important Role in Athletic and Male Sexual Health*
• Suitable for Vegetarians and Vegans
• Formulated without Gluten, GMOs, or Soy
• Produced in a 3rd Party Audited cGMP Registered (Certified) Facility
• 100% Gold Guarantee

L-arginine is an amino acid that helps the body in many ways. Though your body can produce L-arginine, it can be helpful to take a supplement to help you get enough. California Gold Nutrition L-Arginine can help increase your daily amount of L-arginine, which can help support vascular health and promote nitric oxide production.*

L-Arginine Benefits This important amino acid supports the production of nitric oxide, a short lived compound involved in circulatory function and protein metabolism, which can help support muscle mass and athletic performance.* L-arginine also acts as a vasodilator, helping to dilate (open) the blood vessels.* This action may help improve male sexual health, promote healthy blood vessels, and support vascular health.*

California Gold Nutrition L-Arginine contains AjiPure® L-Arginine in veggie capsules. AjiPure® Amino Acids are pharmaceutical-grade and sourced exclusively from Ajinomoto®, where they are produced using their patented Ferment-A-Pure Technology.

Suggested use
Take 1 capsule daily, without food. Best when taken as directed by a qualified healthcare professional.

Warning
Keep out of reach of children. Pregnant or lactating women, the chronically ill, elderly, individuals under the age of 18, those taking prescription medications (e.g., cardiovascular medicines) as well as those with a physician-diagnosed medical condition should consult with a physician, pharmacist, naturopath or other qualified healthcare professional prior to taking dietary supplements. Sealed for your protection. Do not use if seal is missing or broken. Store in a cool, dry place. Protect from heat, light, and moisture.

Other Ingredients
Main Ingredients L-Arginine Other Ingredients Modified Cellulose (Hypromellose Veggie Capsule), Microcrystalline Cellulose, Magnesium Stearate, and Silicon Dioxide (Silica). Fo rmulated with AjiPure® L-Arginine. AjiPure® is a registered trademark of AJINOMOTO® CO., INC. Not manufactured with milk, eggs, fish, crustacean shellfish, tree nuts, peanuts, wheat, soy, sesame, or gluten. Produced in an FDA-registered, third-party audited, and cGMP-compliant facility that may process other products that contain these allergens or ingredients.",522.14,Amino Acids,4.7,9899,"https://cloudinary.images-iherb.com/image/upload/f_auto,q_auto:eco/images/cgn/cgn01126/g/125.jpg",https://in.iherb.com/pr/california-gold-nutrition-l-arginine-500-mg-60-veggie-capsules/72313
152594,"ALLMAX, Melatonin, 60 Capsules",Sleep,Categories > Supplements > Sleep > Melatonin,Science - Innovation - Quality - Results | Essentials | 8HR | Helps Improve Sleep Quality | 8-Hour Sustained Release Melatonin | Expedite Sleep Onset | Vegan Caps™ | Quality Guarantee | Purity & Potency Tested | Dietary Supplement | cGMP Registered Facility | Gluten Free Tested | Lab Tested Every Lot,"• Science - Innovation - Quality - Results
• Essentials
• 8HR
• Helps Improve Sleep Quality
• 8-Hour Sustained Release Melatonin
• Expedite Sleep Onset
• Vegan Caps™
• Quality Guarantee
• Purity & Potency Tested
• Dietary Supplement
• cGMP Registered Facility
• Gluten Free Tested
• Lab Tested Every Lot

Professional Grade Supplements

Melatonin, a natural hormone that regulates the sleep-wake cycle, has been clinically shown to improve sleep quality, reduce sleep onset latency, and increase total sleep time.¹ Allmax Melatonin 8HR combines regular melatonin with Melotime™ sustained-release melatonin) to help prevent nighttime awakenings. (8-hour Allmax Melatonin 8HR supports muscle recovery by helping you fall asleep and stay asleep throughout the night.

Recommended use or Purpose: Aids in enhancing sleep quality and duration.

¹PLOS One. 2013 May 17;8(5):e63773. doi: 10.1371/journal.pone.0063773

Suggested use
Take 1 capsule 30-60 minutes before bedtime, as needed.

Warning
Ask a health care practitioner before use if you are taking medications for seizure, blood pressure, to suppress the immune system, to affect mental state or increase sedation, steroids or blood thinners. Ask a health care practitioner before use if you have cardiovascular, immune, liver or kidney disease, seizure disorder, asthma or diabetes. Ask a health care practitioner if sleeplessness persists for more than 4 weeks (chronic insomnia). When using this product avoid driving or using machinery for 5 hours. When using this product avoid taking with alcohol or products that cause drowsiness. Do not use if you are pregnant or breastfeeding. Stop use if allergy occurs or if you experience headache, confusion, or nausea. California Warning: Lead is known to the State of California to cause birth defects or reproductive harm. Consuming this product can expose you to more than 0.0000005 g of lead. Prop 65.

Other Ingredients
Vegan caps (hypromellose), microcrystalline cellulose, magnesium stearate. Allergen Warning: Produced in a facility that also handles milk, soy, egg, peanut, tree nuts, sesame, fish, crustacean and shellfish products. Product of USA with domestic and imported materials.",991.83,Sleep,5,1,"https://cloudinary.images-iherb.com/image/upload/f_auto,q_auto:eco/images/amx/amx23030/g/8.jpg",https://in.iherb.com/pr/allmax-melatonin-60-capsules/152594
140021,"Super Nutrition, Stress Support with L-Theanine, Ashwagandha, Botanical Blend, and Enzymes, 60 Veggie Capsules",Brain & Cognitive,Categories > Supplements > Brain & Cognitive > Stress Relief Formulas,"Stress Support Formula with L-Theanine and Ashwagandha* | Contains a Blend of Essential B Vitamins | Plus a Proprietary Digestive Blend with Botanicals, Enzymes & Heyndrickxia coagulans | Suitable for Vegetarians | Formulated Without Gluten, GMOs, or Soy | Produced in a 3rd Party Audited cGMP Registered (Certified) Facility","• Stress Support Formula with L-Theanine and Ashwagandha*
• Contains a Blend of Essential B Vitamins
• Plus a Proprietary Digestive Blend with Botanicals, Enzymes & Heyndrickxia coagulans
• Suitable for Vegetarians
• Formulated Without Gluten, GMOs, or Soy
• Produced in a 3rd Party Audited cGMP Registered (Certified) Facility

California Gold Nutrition ® Stress Support is formulated with L-Theanine and Ashwagandha. It features a proprietary blend of synergistic ingredients, essential B Vitamins, plus Enzymes and the Spore Forming Probiotic Heyndrickxia coagulans (formerly Bacillus coagulans ). This formula is designed to help support overall well-being and stress management.*

Suggested use
Take 2 capsules daily, with food. Best when taken as directed by a qualified healthcare professional.

Warning
​Keep out of reach of children. Consult with a licensed physician, pharmacist, naturopath or other qualified healthcare professional prior to taking dietary supplements. Sealed for your protection. Do not use if seal is missing or broken. Store in a cool, dry place. Protect from heat, light, and moisture. Note : Weizmannia coagulans (formerly Bacillus coagulans)

Other Ingredients
Main Ingredients Thiamin (as thiamine HCl), Riboflavin, Niacin (as niacinamide), Vitamin B6 (as pyridoxine hydrochloride), Folate, Vitamin B12 (as methylcobalamin), Biotin (as d-biotin), Pantothenic Acid (as d-calcium pantothenate), Choline (as choline bitartrate), Zinc (as zinc picolinate), Proprietary Support Blend: Ashwagandha Extract ( Withania somnifera ) (leaf & root), Inositol, PABA (Para-Aminobenzoic Acid), Rhodiola Extract ( Rhodiola rose a) (root), Eleuthero Extract ( Eleutherococcus senticosus ) (root); L-Theanine, Proprietary Digestive Blend: Enzyme Blend (Amylase, Protease, Lipase, Cellulase, Lactase), Ginger Extract ( Zingiber officinale ) (root), Heyndrickxia coagulans , Black Pepper Extract ( Piper nigrum ) (fruit), Black Pepper ( Piper nigrum ) (seed), Ginger (Zingiber officinale) (root), Long Pepper ( Piper longum ) (fruit) Other Ingredients Modified Cellulose (Hypromellose Veggie Capsule), Microcrystalline Cellulose, Stearic Acid, Magnesium Stearate, Maltodextrin, Silicon Dioxide (Silica), and Peppermint Oil. Not manufactured with milk, eggs, fish, crustacean shellfish, tree nuts, peanuts, wheat, soy, sesame, or gluten. Produced in an FDA-registered, third-party audited, and cGMP-compliant facility that may process other products that contain these allergens or ingredients.",1088.15,Brain & Cognitive,4.6,3610,"https://cloudinary.images-iherb.com/image/upload/f_auto,q_auto:eco/images/spn/spn02506/g/29.jpg",https://in.iherb.com/pr/super-nutrition-stress-support-with-l-theanine-ashwagandha-botanical-blend-and-enzymes-60-veggie-capsules/140021
117853,"Swanson, Sleep Essentials, 60 Vegan Capsules",Sleep,Categories > Supplements > Sleep > Sleep Formulas,"Sleep Support | Includes Gaba and Melatonin | Supports Restful, Restorative Sleep | May Help Promote Relaxation and Ease Nervous Tension | Promotes a Feeling of Calmness | Science-Backed Quality Since 1969","• Sleep Support
• Includes Gaba and Melatonin
• Supports Restful, Restorative Sleep
• May Help Promote Relaxation and Ease Nervous Tension
• Promotes a Feeling of Calmness
• Science-Backed Quality Since 1969

Tired of tossing and turning? When counting sheep just doesn't cut it, try Swanson Sleep Essentials! This advanced formula combines melatonin, taurine, and GABA with nature's most effective relaxing herbs, including passion flower, valerian, chamomile, skullcap and hops.

Suggested use
As a dietary supplement, take one vegan capsule before bed with 8 ounces of water.

Warning
For adults only. As melatonin may produce drowsiness, do not take with alcohol or drive an automobile or operate heavy equipment after taking. Do not take this product if you are pregnant or nursing, have an autoimmune condition or a depressive disorder, or are under 16 years of age. Consult your healthcare provider before use if you are experiencing long-term sleep difficulties, have a medical condition or if you are taking any prescription medications. Not intended for long term use. Keep out of the reach of children. Do not use if seal is broken. Store in a cool, dry place.

Other Ingredients
Hypromellose (vegan capsule), maltodextrin, rice flour, magnesium stearate, silica.",566.36,Sleep,4.6,678,"https://cloudinary.images-iherb.com/image/upload/f_auto,q_auto:eco/images/swv/swv07104/g/24.jpg",https://in.iherb.com/pr/swanson-sleep-essentials-60-vegan-capsules/117853
142271,"NATURELO, Sleep Formula, 60 Vegetarian Capsules",Sleep,Categories > Supplements > Sleep > Sleep Formulas,"From Nature With Love® | With 6 mg Melatonin | Dietary Supplement | For Occasional Sleep Support | No GMOs | No Soy | No Gluten | Vegan Friendly | GMP - Good Manufacturing Practice | No Coloring, Preservatives or Flavoring","• From Nature With Love®
• With 6 mg Melatonin
• Dietary Supplement
• For Occasional Sleep Support
• No GMOs
• No Soy
• No Gluten
• Vegan Friendly
• GMP - Good Manufacturing Practice
• No Coloring, Preservatives or Flavoring

Sleep aid with natural valerian, chamomile & lemon balm.

Suggested use
Adults take one (1) capsule with a full glass of water, thirty (30) minutes before bedtime.

Warning
Keep out of reach of children. As with any supplement, if you are pregnant, nursing or taking medication, consult your doctor before using this product. Avoid driving or performing other potentially dangerous tasks while using this product. Do not use for more than 14 days consecutively. Store in a cool, dry place. Do not use if safety seal under the cap is broken or missing.

Other Ingredients
Hypromellose (vegetarian capsule), organic rice flour, bamboo extract (stem & leaf), l-leucine. Does not contain GMOs, soy, gluten, milk, eggs, fish, shellfish, tree nuts, peanuts or sesame.",2493.43,Sleep,4.5,24,"https://cloudinary.images-iherb.com/image/upload/f_auto,q_auto:eco/images/nau/nau62823/g/8.jpg",https://in.iherb.com/pr/naturelo-sleep-formula-60-vegetarian-capsules/142271
109048,"Swanson, Melatonin, Dual-Release, 3 mg, 60 Tablets",Sleep,Categories > Supplements > Sleep > Melatonin,Sleep Support | 100% Drug Free,"• Sleep Support
• 100% Drug Free

Swanson Ultra's advanced Dual-Release Melatonin takes its cue from nature, releasing melatonin in stages, just as the body does when preparing for a restful night. You get 1.5 mg right away, when you need it most, and another 1.5 mg is gradually released throughout the night to ensure that you get the rest you deserve.

Suggested use
As a dietary supplement, take one dual-release tablet with water 20 minutes before bedtime or as recommended by your healthcare provider. The unique dual-release delivery system releases 1.5 mg of melatonin within minutes. An additional 1.5 mg is gradually released over 5 to 8 hours.

Warning
For adults only. As melatonin may produce drowsiness, do not drive an automobile or operate heavy equipment after taking. Do not take this product if you are pregnant or nursing, have an autoimmune condition or a depressive disorder, or are under 16 years of age. Consult your healthcare provider before use if you are experiencing long-term sleep difficulties, have a medical condition or if you are taking any prescription medications. Keep out of reach of children. Do not use if seal is broken. Store in a cool, dry place.

Other Ingredients
Lactose (from milk), dicalcium phosphate, hydroxypropyl methylcellulose, microcrystalline cellulose (plant fiber), stearic acid, croscarmellose sodium, magnesium stearate, silica, curcumin (color), riboflavin (color). Contains milk.",467.64,Sleep,4.7,829,"https://cloudinary.images-iherb.com/image/upload/f_auto,q_auto:eco/images/swv/swv02214/g/16.jpg",https://in.iherb.com/pr/swanson-melatonin-dual-release-3-mg-60-tablets/109048
8738,"Natrol, Melatonin, Time Release, 5 mg, 100 Tablets",Sleep,Categories > Supplements > Sleep > Melatonin,Supports Sleep Through The Night by Minimizing Wake-Ups | 100% Drug-Free | Dietary Supplement,"• Supports Sleep Through The Night by Minimizing Wake-Ups
• 100% Drug-Free
• Dietary Supplement

Quick Dissolving Outer Layer: To help your fall asleep fast.

Controlled Release Inner Layer: To help you sleep through the night.

This product is helpful for occasional sleeplessness.

Suggested use
Adults, take 1 tablet 30 minutes before bedtime.

Warning
Not intended for individuals under the age of 18 years. This product is not intended to treat insomnia or other sleep disorder. Consult a physician before using this product if taking medication, have any medical condition, are pregnant or lactating, have an autoimmune condition or depressive disorder, using any tranquilizers or sedatives. Melatonin may cause drowsiness or sleepiness, do not take when driving or operating heavy machinery, or consuming alcohol. If adverse reactions occur, discontinue use. For occasional short-term use only. Use only as directed and do not exceed suggested dose. This product should never substitute healthy sleep practices. Keep out of reach of children. Store in a cool, dry place Individual results may vary. Do not use if safety seal is damaged or missing.

Other Ingredients
Microcrystalline cellulose, dicalcium phosphate, hypromellose, magnesium stearate, stearic acid, silicon dioxide, methylcellulose, glycerin. Formulated without milk, egg, fish, crustacean shellfish, tree nuts, peanuts, wheat, soybeans, sesame ingredients.",1113.9,Sleep,4.6,24731,"https://cloudinary.images-iherb.com/image/upload/f_auto,q_auto:eco/images/ntl/ntl04837/g/77.jpg",https://in.iherb.com/pr/natrol-melatonin-time-release-5-mg-100-tablets/8738
117708,"Swanson, Melatonin, 5 mg, 60 Capsules",Sleep,Categories > Supplements > Sleep > Melatonin,Extra Strength | Sleep Support | 100% Drug Free | Helps Support a Healthy Sleep-Wake Cycle | May Restore Normal Sleep Patterns | Appropriate Melatonin Levels Have Been Tied To Healthy Cognitive and Stress Management | Science-Backed Quality Since 1969,"• Extra Strength
• Sleep Support
• 100% Drug Free
• Helps Support a Healthy Sleep-Wake Cycle
• May Restore Normal Sleep Patterns
• Appropriate Melatonin Levels Have Been Tied To Healthy Cognitive and Stress Management
• Science-Backed Quality Since 1969

Are the Zzzs you need eluding you? Get your sleep-wake schedule back on track with Swanson Extra Strength Melatonin. Each capsule delivers a potent 5 mg melatonin to help restore normal sleep patterns.

So what is melatonin? It is a hormone naturally produced by the pineal gland that signals the body when it is time to sleep. Unfortunately that production can be disrupted by multiple factors, including age, travel, shift work and more. Adding a melatonin supplement to your nighttime routine can help support healthy levels in the body so you can get the restorative sleep you need.

As an antioxidant, it also works to protect the body from free radicals, notably the eyes where it may offer protection for retinal health. Appropriate melatonin levels have also been tied to healthy cognition and stress management.

Studies have shown that 1 to 5 mg of melatonin per day can support a healthy circadian rhythm, improve sleep quality and help you stay asleep longer. Swanson offers a range of melatonin potencies—from a 500 mcg dose for those just starting out to our Triple Strength 10 mg option for those who need extra assistance. Find the right one for you and be on your way to dreamland.

Suggested use
As a dietary supplement, take one capsule with water one-half hour before bedtime.

Warning
For adults only. As melatonin may produce drowsiness, do not take with alcohol or drive an automobile or operate heavy equipment after taking. Do not take this product if you are pregnant or nursing, have an autoimmune condition or a depressive disorder, or are under 16 years of age. Consult your healthcare provider before use if you are experiencing long-term sleep difficulties, have a medical condition or if you are taking any prescription medications. Not intended for long term use. Keep out of reach of children. Do not use if seal is broken. Store in a cool, dry place.

Other Ingredients
Microcrystalline cellulose (plant fiber), gelatin, magnesium stearate.",446.81,Sleep,4.7,1933,"https://cloudinary.images-iherb.com/image/upload/f_auto,q_auto:eco/images/swv/swv11811/g/24.jpg",https://in.iherb.com/pr/swanson-melatonin-5-mg-60-capsules/117708
117726,"Swanson, Melatonin, 3 mg, 60 Capsules",Sleep,Categories > Supplements > Sleep > Melatonin,Sleep Support | 100% Drug Free | Non-GMO | Gluten Free | Dairy Free,"• Sleep Support
• 100% Drug Free
• Non-GMO
• Gluten Free
• Dairy Free

Control your sleep/wake cycle with the help of Swanson Melatonin! This useful hormone works to restore normal sleep patterns while delivering excellent antioxidant support to the body, including the eyes where it may offer protection for retinal health.

Needed for more than just fending off an afternoon slump, healthy sleep contributes to less stress, increased concentration and even weight management. Lack of quality sleep can impact your cognitive health, cortisol levels, metabolism and much more. Research indicates melatonin exerts its sleep-promoting prowess by decreasing the amount of time needed to fall asleep, promoting the ability to stay asleep and enhancing the depth of sleep. Appropriate melatonin levels have also been tied to healthy cognition and stress management.

Suggested use
As a dietary supplement, take one capsule with water one-half hour before bedtime.

Warning
For adults only. As melatonin may produce drowsiness, do not take with alcohol or drive an automobile or operate heavy equipment after taking. Do not take this product if you are pregnant or nursing, have an auto- immune condition or a depressive disorder, or are under 16 years of age. Consult your healthcare provider before use if you are experiencing long-term sleep difficulties, have a medical condition or if you are taking any prescription medications. Not intended for long term use. Keep out of reach of children. Do not use if seal is broken. Store in a cool, dry place.

Other Ingredients
Rice flour, vegan capsule (hypromellose).",222.02,Sleep,4.7,9659,"https://cloudinary.images-iherb.com/image/upload/f_auto,q_auto:eco/images/swv/swv01498/g/40.jpg",https://in.iherb.com/pr/swanson-melatonin-3-mg-60-capsules/117726
115174,"Seeking Health, Magnesium Malate Powder, 500 mg, 8.82 oz (250 g)",Magnesium,Categories > Supplements > Minerals > Magnesium > Magnesium Malate,"Dietary Supplement | Albion Minerals® | Seeking Health, Believe In Better™","• Dietary Supplement
• Albion Minerals®
• Seeking Health, Believe In Better™

Pure Albion® magnesium to support healthy sleep, muscle recovery and mood.

Magnesium Malate Powder is a powdered magnesium supplement providing magnesium as dimagnesium malate. The bioavailable malate form supports optimal magnesium absorption and energy production.

Suggested use
As needed, blend, shake or briskly mix 1 scoop daily in filtered water or a beverage of your choice. This has no flavors or sweeteners so you may choose to mix in some juice or add to Optimal Electrolyte. May take with or without food anytime of day or night. Best to sip vs chug. Use as directed by your healthcare professional.

Warning
Keep closed in a cool, dry place out of reach of children. Consult with your healthcare professional prior to use. Do not use if inner tamper seal is damaged.

Other Ingredients
None. Magnesium Malate Powder uses Albion“ Di-Magnesium Malate with zero other ingredients. Does not contain dairy, eggs, fish, shellfish, tree nuts, peanuts, wheat, soy, sesame, gluten, GMO, artificial colors, or artificial flavors.",1780.12,Magnesium,4.7,1480,"https://cloudinary.images-iherb.com/image/upload/f_auto,q_auto:eco/images/skh/skh52066/g/24.jpg",https://in.iherb.com/pr/seeking-health-magnesium-malate-powder-500-mg-8-82-oz-250-g/115174
116319,"Swanson, Albion®, Magnesium Glycinate Powder, 5.3 oz (150 g)",Magnesium,Categories > Supplements > Minerals > Magnesium > Magnesium Glycinate,"Muscle and Bone Health | Amino Acid Chelate | Patented Albion® Mineral Glycinate Chelated Form For Optimum Absorption | Supports Nerve, Muscle and Bone Health | Promotes Relaxation of Mind and Body | Science-Backed Quality Since 1969 | Vegan","• Muscle and Bone Health
• Amino Acid Chelate
• Patented Albion® Mineral Glycinate Chelated Form For Optimum Absorption
• Supports Nerve, Muscle and Bone Health
• Promotes Relaxation of Mind and Body
• Science-Backed Quality Since 1969
• Vegan

It is estimated that as many as 75 percent of Americans don't get enough magnesium from their daily diet, which is why more and more nutritionists are recommending magnesium supplements to their clients—but not all magnesium supplements are the same. Some have better bioavailability than others and some can cause stomach discomfort in some people. Swanson Albion® Chelated Magnesium Glycinate powder brings you a highly bioavailable magnesium supplement that's gentle on the GI tract. Just one scoop of this flavor-free powder delivers 400 mg of magnesium to support mental and physical relaxation. Magnesium also supports bone and muscle health, offers cardiovascular support and promotes healthy blood pressure levels.

Suggested use
As a dietary supplement, mix one scoop (5 g) in 8 ounces of water or juice per day. Scoop included.

Warning
Product contains a desiccant packet to maintain freshness. Do not eat the desiccant packet. For adults only. Consult your healthcare provider before using this or any product if you are pregnant or nursing, taking medication or have a medical condition. Keep out of reach of children. Do not use if seal is broken. Store in a cool, dry place.

Other Ingredients
Citric acid, silica.",1953.54,Magnesium,4.3,164,"https://cloudinary.images-iherb.com/image/upload/f_auto,q_auto:eco/images/swv/swv02860/g/24.jpg",https://in.iherb.com/pr/swanson-albion-magnesium-glycinate-powder-5-3-oz-150-g/116319
136100,"Trace, Magnesium Glycinate Powder, Mixed Berry Lemonade, 6.35 oz (180 g)",Magnesium,Categories > Supplements > Minerals > Magnesium > Magnesium Glycinate,"Supports Bones, Nerves, The Liver & Digestion | Promotes Restful Sleep, Calm Body, & Healthy Mind | Dietary Supplement | Made With ConcernTrace® | Feel The Difference Guarantee | Certified Vegan | Gluten Free | Third Party Tested | cGMP Facility | BPA Free","• Supports Bones, Nerves, The Liver & Digestion
• Promotes Restful Sleep, Calm Body, & Healthy Mind
• Dietary Supplement
• Made With ConcernTrace®
• Feel The Difference Guarantee
• Certified Vegan
• Gluten Free
• Third Party Tested
• cGMP Facility
• BPA Free

Magnesium Glycinate powder is formulated to naturally promote restful sleep, a calm body and mind, and healthy mood. It also supports the bones, nerves, liver, and digestion.

Suggested use
Mix 1 scoop (3 g) with 2-8 oz of water daily. Due to the calming effects of magnesium, we recommend taking it 30-60 minutes before bedtime. Additional servings may be taken if desired, but excessive magnesium intake may cause a laxative effect.

Warning
Minor crystallization may occur, but this does not affect product quality.

Other Ingredients
Citric acid, lemon juice powder, steviol glycosides, natural mixed berry lemonade flavor, silicon dioxide. No known allergens. Made in the USA with global ingredients.",1809.8,Magnesium,4.8,318,"https://cloudinary.images-iherb.com/image/upload/f_auto,q_auto:eco/images/tmr/tmr00848/g/24.jpg",https://in.iherb.com/pr/trace-magnesium-glycinate-powder-mixed-berry-lemonade-6-35-oz-180-g/136100
147597,"Vitamatic, Magnesium Glycinate Powder, 8.8 oz (250 g)",Magnesium,Categories > Supplements > Minerals > Magnesium > Magnesium Glycinate,"Most Bioavailable Form | GMP Quality Assured | 250 Servings | 1,000 mg Per Serving","• Most Bioavailable Form
• GMP Quality Assured
• 250 Servings
• 1,000 mg Per Serving

Extra strength magnesium supplement (magnesium glycinate 1000 mg per serving, providing 300 mg of elemental magnesium).

The most bioavailable form of magnesium.

Supports muscle, joint, heart health & enzyme function.

Suggested use
As a dietary supplement, take 1 scoop with 8 oz glass of water. Recommended on empty stomach or 1-2 hour before or after a meal or as directed by your qualified healthcare provider.

Warning
Consult with your healthcare provider if you are pregnant, nursing, taking any medications, or planning any medical procedures. Stop use immediately and consult your healthcare provider if you experience any adverse effects. Do not use it if the safety seal is broken or missing. Keep out of the reach of children. Store in a cool and dry place. Do not exceed the recommended dose. Food supplements should not be used as a substitute for a varied and balanced diet and healthy lifestyle.

Other Ingredients
None. Free of sugar, yeast, soy, wheat, egg, artificial colors, flavors, and preservatives.",1515.42,Magnesium,4.6,240,"https://cloudinary.images-iherb.com/image/upload/f_auto,q_auto:eco/images/vmc/vmc47504/g/6.jpg",https://in.iherb.com/pr/vitamatic-magnesium-glycinate-powder-8-8-oz-250-g/147597
4507,"NOW Foods, CoQ10, 400 mg, 60 Softgels",Antioxidants,Categories > Supplements > Antioxidants > Coenzyme Q10 (Ubiquinone),Cardiovascular Health | Supports Energy Production | With Vitamin E & Sunflower Lecithin | Non-GMO | A Dietary Supplement | Kosher - Contains Gelatin | Family Owned Since 1968 | GMP Quality Assured,"• Cardiovascular Health
• Supports Energy Production
• With Vitamin E & Sunflower Lecithin
• Non-GMO
• A Dietary Supplement
• Kosher - Contains Gelatin
• Family Owned Since 1968
• GMP Quality Assured

Coenzyme Q10 (CoQ10) is a vitamin-like compound that plays a central role in cellular energy production. CoQ10 is found throughout the body, but is especially concentrated in the heart, liver, and kidney and production has been found to decline with age. CoQ10 works with vitamin E as a potent free radical scavenger in cell membranes, as well as within blood vessels. Years of scientific research have shown the CoQ10 helps to maintain a healthy heart and vascular system.

NOW ® CoQ10 is pharmaceutical grade. NOW CoQ10 products contain only the all-trans form of CoQ10 produced by fermentation.

Suggested use
Take 1 softgel 1 to 2 times daily with food.

Warning
For adults only. Consult physician if pregnant/nursing, taking medication, or have a medical condition. Keep out of reach of children. Store in a cool, dry place after opening.

Other Ingredients
Softgel capsule [bovine gelatin (BSE-free), glycerin, water, organic caramel color], organic extra virgin olive oil and silicon dioxide. Not manufactured with wheat, gluten, soy, corn, milk, egg, fish or shellfish ingredients. Produced in a GMP facility that processes other ingredients containing these allergens. Contains no titanium dioxide. Separation and color variation in the softgel may occur. This is natural and doesn't affect product quality.",4092.73,Antioxidants,4.8,619,"https://cloudinary.images-iherb.com/image/upload/f_auto,q_auto:eco/images/now/now03198/g/21.jpg",https://in.iherb.com/pr/now-foods-coq10-400-mg-60-softgels/4507
3950,"Life Extension, Vitamin B12, Methylcobalamin, 500 mcg, 100 Vegetarian Lozenges",Vitamin B12 (Cobalamin),Categories > Supplements > Vitamins > Vitamin B > Vitamin B12 (Cobalamin) > Methylcobalamin,Gluten Free | Non-GMO LE Certified | Bioactive Form of B12 | Dietary Supplement,"• Gluten Free
• Non-GMO LE Certified
• Bioactive Form of B12
• Dietary Supplement

Our Vitamin B12 lozenges can be dissolved in your mouth or chewed as a convenient way to ensure optimal B12 levels, which support healthy homocysteine levels, brain health and cognition.

Suggested use
Read the entire label and follow the directions carefully prior to use. Dissolve in mouth or chew one (1) lozenge daily, or as recommended by a healthcare practitioner.

Warning
Store tightly closed in a cool, dry place. Keep out of reach of children. Do not exceed recommended dose. Do not purchase if outer seal is broken or damaged. When using nutritional supplements, please consult with your physician if you are undergoing treatment for a medical condition or if you are pregnant or lactating.

Other Ingredients
Mannitol, sorbitol, microcrystalline cellulose, vegetable stearate, croscarmellose sodium, natural strawberry flavor.",631.94,Vitamin B12 (Cobalamin),4.8,8793,"https://cloudinary.images-iherb.com/image/upload/f_auto,q_auto:eco/images/lex/lex36110/g/78.jpg",https://in.iherb.com/pr/life-extension-vitamin-b12-methylcobalamin-500-mcg-100-vegetarian-lozenges/3950
118362,"Swanson, Vitamin B12 with Folate, Strawberry, 100 Lozenges",Vitamin B,Categories > Supplements > Vitamins > Vitamin B > Vitamin B12 (Cobalamin),Energy and Metabolism | Vitamin Supplement | Vegan,"• Energy and Metabolism
• Vitamin Supplement
• Vegan

Swanson Vitamin B12 Lozenges play a major role in the production of the red blood cells that deliver oxygen to all parts of the body, which in turn causes energy. Also known as ""the energy vitamin,"" this fast-acting formula also supports cardiovascular health. Each lozenge delivers a potent 1,000 mcg of vitamin B12 fortified with 400 mcg of folic acid.

Suggested use
As a dietary supplement, place one lozenge under the tongue daily. Allow it to remain there until completely dissolved before swallowing.

Warning
For adults only. Consult your healthcare provider before using this or any product if you are pregnant or nursing, taking medication, or have a medical condition. Keep out of reach of children. Do not use if seal is broken. Store in a cool, dry place.

Other Ingredients
Sorbitol, mannitol, microcrystalline cellulose (plant fiber), croscarmellose sodium, hydroxypropyl methylcellulose, natural strawberry flavor, magnesium stearate, silica.",544.18,Vitamin B,4.7,836,"https://cloudinary.images-iherb.com/image/upload/f_auto,q_auto:eco/images/swv/swv01746/g/24.jpg",https://in.iherb.com/pr/swanson-vitamin-b12-with-folate-strawberry-100-lozenges/118362
104510,"MegaFood, B12 Energy, Cranberry, 70 Gummies",Vitamin B,Categories > Supplements > Vitamins > Vitamin B > Vitamin B12 (Cobalamin),With Real Fruit | Supports Energy Metabolism | Dietary Supplement | USDA Organic | Non-GMO Project Verified | Certified Vegan | Tested For 125+ Pesticides | Made Without 9 Food Allergens | Residue Free Glyphosate | Gluten Free | Certified B Corporation®,"• With Real Fruit
• Supports Energy Metabolism
• Dietary Supplement
• USDA Organic
• Non-GMO Project Verified
• Certified Vegan
• Tested For 125+ Pesticides
• Made Without 9 Food Allergens
• Residue Free Glyphosate
• Gluten Free
• Certified B Corporation®

MegaFood B12 Energy gummies help support cellular energy production. Organic cranberries give our gummies real berry flavor and color.

We believe the most nutritious food comes from healthy soil. Our goal is to partner with farmers who share our commitment to regenerative agriculture, working to nourish the soil for quality ingredients that make for premium supplements.

Suggested use
2 gummies daily. May be taken any time of day, even on an empty stomach.

Warning
Keep out of reach of children. Store tightly sealed in a cool place and avoid exposure to moisture. Once open, consume within three months. Do not use if seal under the cap is broken or missing.

Other Ingredients
Organic tapioca syrup, organic cane sugar, apple pectin, citric acid, sodium citrate, organic beet root powder, organic sunflower oil, organic carnauba wax. *Made without milk, eggs, peanuts, tree nuts, soy, wheat, fish, shellfish and sesame.",1349.72,Vitamin B,4.7,553,"https://cloudinary.images-iherb.com/image/upload/f_auto,q_auto:eco/images/mgf/mgf10409/g/40.jpg",https://in.iherb.com/pr/megafood-b12-energy-cranberry-70-gummies/104510
123306,"NutraBio, KSM-66®, Ashwagandha, 60 Capsules (600 mg per Capsule)",Adaptogens,Categories > Supplements > Herbs > Adaptogens > Ashwagandha,Wellness | Cortisol & Stress Support | KSM-66 Ashwagandha® | 60 Servings | Botanical Supplement | Lactose Free | No Proprietary Blends | Fully Transparent | Since 1996,"• Wellness
• Cortisol & Stress Support
• KSM-66 Ashwagandha®
• 60 Servings
• Botanical Supplement
• Lactose Free
• No Proprietary Blends | Fully Transparent
• Since 1996

Ashwagandha is an herb that has been used in Ayurvedic medicine for thousands of years. This extract is an alternative therapy that originated in India and is classified as an adaptogen. Adaptogens are herbal compounds that are used to promote balance and homeostasis in the human body. Adaptogens are useful for increasing resistance to any form of biological stress including physical, mental and emotional stress. Ashwagandha specifically has been studied for its effectiveness in improving cortisol levels, thyroid function, adrenal health, stress and anxiety, promoting immune health, and enhancing athletic performance. It may help improve strength and endurance, as well as improve weight loss results when paired with diet and exercise.

Suggested use
Take 1-2 capsules daily between meals as needed.

Warning
Store in a cool dry place. Keep out of reach of children. Do not use if pregnant or nursing. Not for use by individuals under the age of 18 years. Consult a physician before use if you have a medical condition or are taking any medication. Discontinue use two weeks prior to surgery. Consuming this product can expose you to chemicals including lead, which are known to the State of California to cause birth defects or other reproductive harm.

Other Ingredients
Vegetarian capsule (hypromellose, water). Processed in a facility and/or manufacturing line that also produces milk, tree nuts, nuts and soy.",1925.35,Adaptogens,4.7,2376,"https://cloudinary.images-iherb.com/image/upload/f_auto,q_auto:eco/images/nrb/nrb26875/g/8.jpg",https://in.iherb.com/pr/nutrabio-ksm-66-ashwagandha-60-capsules-600-mg-per-capsule/123306
139116,"Primaforce, KSM-66, Ashwagandha Root Extract, 600 mg, 60 Capsules",Adaptogens,Categories > Supplements > Herbs > Adaptogens > Ashwagandha,Tested for Purity & Potency | 600 mg Per Serving | BioPerine®,"• Tested for Purity & Potency
• 600 mg Per Serving
• BioPerine®

Supports Your Lifestyle: Whether you're a busy professional, a fitness enthusiast, or simply seeking balance, PrimaForce KSM-66 Ashwagandha Root Extract is designed to complement your lifestyle.

Premium Ashwagandha: Our capsules feature KSM-66, a premium ashwagandha extract known for its purity and effectiveness.

Suggested use
As a dietary supplement, take 1 capsule daily with 8-12 oz of water or as directed by your healthcare professional.

Warning
For healthy individuals 18 years and older. Consult a healthcare professional prior to use if you are pregnant or nursing, taking medication, or have a medical condition. Keep out of reach of children. Do not use if safety seal is broken or missing. Store in a cool, dry place.

Other Ingredients
Hypromellose (cellulose) capsule, silica, magnesium stearate (vegetable source). Contains: Milk.",1593.17,Adaptogens,4.8,172,"https://cloudinary.images-iherb.com/image/upload/f_auto,q_auto:eco/images/pmf/pmf02138/g/8.jpg",https://in.iherb.com/pr/primaforce-ksm-66-ashwagandha-root-extract-600-mg-60-capsules/139116
10669,"NOW Foods, Ubiquinol CoQH-CF, 50 mg, 60 Softgels",Coenzyme Q10 (Ubiquinone),Categories > Supplements > Antioxidants > Coenzyme Q10 (Ubiquinone) > Ubiquinol,Cardiovascular Health | Active Form of CoQ10 - 50 mg | Superior Bioavailability | A Dietary Supplement | General Health | Family Owned Since 1968 | Kaneka - Made with Quality Ubiquinol | HALAL | GMP Quality Assured,"• Cardiovascular Health
• Active Form of CoQ10 - 50 mg
• Superior Bioavailability
• A Dietary Supplement
• General Health
• Family Owned Since 1968
• Kaneka - Made with Quality Ubiquinol
• HALAL
• GMP Quality Assured

Ubiquinol is the reduced and active free radical quencher form of Coenzyme Q10 (CoQ10). CoQ10 is found in all cells of the body, with especially high concentrations in the heart. It is essential to mitochondrial energy production and functions as a powerful, fat soluble, free radical scavenger. These properties make Ubiquinol an ideal supplement for the support of energy production and free radical protection in the heart, vascular structures, brain and neurons. NOW® Ubiquinol CoQH-CF™ features D-Limonene to naturally enhance its solubility and intestinal absorption, to create a product with superior biological value.

Suggested use
Take 1 softgel twice daily with food.

Warning
For adults only. Consult physician if pregnant/nursing, taking medication, or have a medical condition. Keep out of reach of children.

Other Ingredients
Softgel capsule (bovine gelatin (bse-free), glycerin, water, caramel color), d-limonene, caprylic acid, capric acid and alpha lipoic acid. NOW® CoQ10 products contain only the natural all-trans form of CoQ10 produced by fermentation. Not manufactured with wheat, gluten, soy, corn, milk, egg, fish or shellfish ingredients. Produced in a GMP facility that processes other ingredients containing these allergens.",1857.23,Coenzyme Q10 (Ubiquinone),4.8,1181,"https://cloudinary.images-iherb.com/image/upload/f_auto,q_auto:eco/images/now/now03145/g/33.jpg",https://in.iherb.com/pr/now-foods-ubiquinol-coqh-cf-50-mg-60-softgels/10669
68807,"Source Naturals, HydroxoCobalamin, Vitamin B12, Cherry , 1 mg, 120 Lozenges",Vitamin B,Categories > Supplements > Vitamins > Vitamin B > Vitamin B12 (Cobalamin),Dietary Supplement,"• Dietary Supplement

Source Naturals Hydroxocobalamin B-12 supports brain health and energy levels with a meaningful dose of B-12 in a convenient lozenge form. This is especially helpful for adults 50 years and older who may need assistance in meeting their RDA requirements. Hydroxocobalamin is a natural transport form of B-12 in the blood that is converted into the coenzyme forms of methylcobalamin or adenosylcobalamin inside the cell. Vitamin B-12 helps support normal homocysteine levels, healthy brain cells and nerve tissues, and the production of red blood cells that carry oxygen to the cells and tissues.

Suggested use
1 lozenge daily. For best results, allow to dissolve in the mouth before swallowing.

Warning
If you are pregnant, may become pregnant, or breastfeeding, consult your health care professional before using this product. Store in a cool, dry place. Do not use if either tamper-evident seal is broken or missing. Keep out of the reach of children.

Other Ingredients
Sorbitol, mannitol, natural cherry flavor, stearic acid, and magnesium stearate. Contains no yeast, dairy, egg, gluten, soy or wheat. Contains no preservatives, or artificial color, flavor or fragrance.","1,253.49",Vitamin B,4.8,1454,"https://cloudinary.images-iherb.com/image/upload/f_auto,q_auto:eco/images/sns/sns02655/g/27.jpg",https://in.iherb.com/pr/source-naturals-hydroxocobalamin-vitamin-b12-cherry-1-mg-120-lozenges/68807
115850,"Youtheory, B12 B6 Essential Daily Vitamins, 60 Vegetarian Capsules",Vitamin B,Categories > Supplements > Vitamins > Vitamin B > Vitamin B12 (Cobalamin),"Promotes Brain Health | 1,000 mcg† | Helps Support Energy Production | Dietary Supplement | Dairy Free | Soy Free | No Gluten Ingredients | Vegetarian Friendly | Helps Support Brain Health | Helps Convert Food Into Energy | Supports Normal Antioxidant Function","• Promotes Brain Health
• 1,000 mcg†
• Helps Support Energy Production
• Dietary Supplement
• Dairy Free
• Soy Free
• No Gluten Ingredients
• Vegetarian Friendly
• Helps Support Brain Health
• Helps Convert Food Into Energy
• Supports Normal Antioxidant Function

Youtheory® B12B6 is a combination of essential nutrients that support the proper metabolism of DNA, proteins, carbohydrates, and fats - converting food into cellular energy.

Sufficient intake of these two important vitamins helps to promote our body's natural antioxidation and detoxification systems, while supporting brain health and overall well-being.

†1,000 mcg of B12 per daily serving.

Suggested use
(Adults) Take one (1) capsule per day, with a glass of water.

Warning
Check with your doctor before using this product if you are taking medication or have any medical conditions. Do not use if you are pregnant or nursing. Do not exceed the recommended daily intake without checking with your doctor. Not intended for persons under 18. Keep out of reach of children. Store in a cool and dry place after opening.

Other Ingredients
Vegetarian capsule (hypromellose), microcrystalline cellulose, vegetable magnesium stearate, silicon dioxide. This product is manufactured in a facility that processes fish extracts.",934.5,Vitamin B,4.7,353,"https://cloudinary.images-iherb.com/image/upload/f_auto,q_auto:eco/images/you/you92034/g/26.jpg",https://in.iherb.com/pr/youtheory-b12-b6-essential-daily-vitamins-60-vegetarian-capsules/115850
140495,"Global Healing, CoQ10 & BioPQQ with Himalayan Shilajit, 60 Capsules",Antioxidants,Categories > Supplements > Antioxidants > Coenzyme Q10 (Ubiquinone),"Focus, Memory and Heart Health | Dietary Supplement | Vegan-Friendly | Gluten-Free | No Animal Testing","• Focus, Memory and Heart Health
• Dietary Supplement
• Vegan-Friendly
• Gluten-Free
• No Animal Testing

Cardio & Nervous Systems

Support optimal function of mitochondria for energy production, focus, memory, and heart health.

Suggested use
Take 1 capsule twice daily or as recommended by your healthcare provider.

Warning
Keep out of reach of children. Consult your healthcare practitioner if you are pregnant, nursing, or if you are currently being treated for a serious medical condition.

Other Ingredients
Vegetable capsule (cellulose), organic gum acacia, organic rice hulls, ormus supercharged minerals.",7483.46,Antioxidants,4.8,55,"https://cloudinary.images-iherb.com/image/upload/f_auto,q_auto:eco/images/glh/glh03014/g/8.jpg",https://in.iherb.com/pr/global-healing-coq10-biopqq-with-himalayan-shilajit-60-capsules/140495
90447,"Organic India, Ashwagandha, 180 Vegetarian Caps (400 mg per Capsule)",Adaptogens,Categories > Supplements > Herbs > Adaptogens > Ashwagandha,Healthy Stress Response | Herbal Supplement | USDA Organic | Non GMO Project Verified | Fairtrade® | SGS Organic | Certified Organic by Control Union | Certified B Corporation | Kosher | Vegan | Vegetarian | Gluten Free,"• Healthy Stress Response
• Herbal Supplement
• USDA Organic
• Non GMO Project Verified
• Fairtrade®
• SGS Organic
• Certified Organic by Control Union
• Certified B Corporation
• Kosher
• Vegan
• Vegetarian
• Gluten Free

Love & Consciousness in Action:

Whole herb solutions grown by small family farmers using regenerative organic agriculture.

Ashwagandha is a powerful adaptogenic herb used for centuries as a natural source of vitality.

Suggested use
2 caps twice daily with food and water. If pregnant or nursing, consult your physician prior to use.

Warning
Store in a cool & dry place, away from direct sunlight. Reproductive Harm - P65.

Other Ingredients
Organic pullulan. Ashwagandha (Withania somnifera) root: Fairtrade certified and sourced from Fairtrade Producers. Total 100%, excluding the capsule.",3255.78,Adaptogens,4.7,4067,"https://cloudinary.images-iherb.com/image/upload/f_auto,q_auto:eco/images/ori/ori51246/g/45.jpg",https://in.iherb.com/pr/organic-india-ashwagandha-180-vegetarian-caps-400-mg-per-capsule/90447
91610,"California Gold Nutrition, CoQ10, Ubiquinone USP with Bioperine® Black Pepper Extract, Enhanced Bioavailability, 100 mg, 150 Veggie Capsules",Antioxidants,Categories > Supplements > Antioxidants > Coenzyme Q10 (Ubiquinone),"California Gold Nutrition CoQ10 with BioPerine® | Featuring Fermented, USP-Verified Coenzyme Q10 (CoQ10) or Ubiquinone* | Plus BioPerine® Black Pepper Extract | Supports Healthy Mitochondrial Function* | Supports a Healthy Cardiovascular System* | Suitable for Vegetarians and Vegans | Formulated without Gluten, GMOs, or Soy | Produced in a 3rd Party Audited cGMP Registered (Certified) Facility | 100% Gold Guarantee","• California Gold Nutrition CoQ10 with BioPerine®
• Featuring Fermented, USP-Verified Coenzyme Q10 (CoQ10) or Ubiquinone*
• Plus BioPerine® Black Pepper Extract
• Supports Healthy Mitochondrial Function*
• Supports a Healthy Cardiovascular System*
• Suitable for Vegetarians and Vegans
• Formulated without Gluten, GMOs, or Soy
• Produced in a 3rd Party Audited cGMP Registered (Certified) Facility
• 100% Gold Guarantee

CoQ10 is a powerful compound that is naturally-occurring in the body, but levels can decrease due to age and certain health conditions. California Gold Nutrition CoQ10 features USP-verified coenzyme Q10 that is produced by fermentation.* Supplementing CoQ10 into your diet can provide several benefits, both to mitochondrial and cardiovascular health.*

Coenzyme Q10 (CoQ10) is an antioxidant compound that has been recognized as an essential component of healthy mitochondrial function.* One of the main roles of the mitochondria is to help produce energy, so supporting these structures may help promote healthy energy levels.* In addition, research also suggests that CoQ10 supports the cardiovascular system and overall heart health.*

California Gold Nutrition CoQ10 features 100 mg, USP-verified, fermented CoQ10 combined with BioPerine® Black Pepper Extract to enhance absorption and bioavailability.* This supplement is suitable for vegetarians and vegans and contains no gluten, GMOs, or soy.

Third-Party Tested Our products undergo quality testing where they are evaluated by an independent ISO-certified lab using scientifically-validated test methods to ensure authenticity, purity, and potency of ingredients. For added transparency, we make the results available to you in our iTested Verified Reports so you can see for yourself.

Check out the iTested Report for this product to see the analysis.

Suggested use
Take 1 capsule daily with food. Best when taken as directed by a qualified healthcare professional.

Warning
Keep out of the reach of children. Consult with a licensed physician, pharmacist, naturopath or other qualified healthcare professional prior to taking dietary supplements. Sealed for your protection. Do not use if seal is missing or broken. Best stored at controlled room temperature 20°C to 25°C (68°F to 77°F). Improper storage conditions, such as extended exposure to direct sunlight, high heat & humidity can cause product degradation over time.

Other Ingredients
Main Ingredients Coenzyme Q10 USP, Black Pepper Extract (BioPerine®, 95% Piperine) (Piper nigrum) Note: Ubiquinone is the generic name for USP Grade/Verified Ubidecarenone. BioPerine® is a registered trademark of Sabinsa Corporation U.S. Other Ingredients Rice Powder, Modified Cellulose (Hypromellose Veggie Capsule), Magnesium Stearate, and Silicon Dioxide (Silica). This product is not manufactured with milk, eggs, fish, crustacean shellfish, tree nuts, peanuts, wheat, soy, sesame or gluten. Produced in a FDA-registered, third-party audited, and registered cGMP compliant facility that may process other products that contain these allergens or ingredients.",1773.99,Antioxidants,4.8,18879,"https://cloudinary.images-iherb.com/image/upload/f_auto,q_auto:eco/images/cgn/cgn01428/g/162.jpg",https://in.iherb.com/pr/california-gold-nutrition-coq10-ubiquinone-usp-with-bioperine-black-pepper-extract-enhanced-bioavailability-100-mg-150-veggie-capsules/91610
109031,"Swanson, Full Spectrum® Ashwagandha, 100 Vegan Capsules (450 mg per Capsule)",Adaptogens,Categories > Supplements > Herbs > Adaptogens > Ashwagandha,"Stress Support | Herbal Supplement | Promotes a Feeling of Calmness and Relaxation | Supports a Healthy, Natural Response to Daily Stress | Science-Backed Quality Since 1969 | Non-GMO | Gluten Free | Dairy Free | Halal","• Stress Support
• Herbal Supplement
• Promotes a Feeling of Calmness and Relaxation
• Supports a Healthy, Natural Response to Daily Stress
• Science-Backed Quality Since 1969
• Non-GMO
• Gluten Free
• Dairy Free
• Halal

Swanson Full Spectrum Ashwagandha (Withania somnifera) is a powerful adaptogen packed with multiple wellness benefits. Our convenient capsules pack a powerful 450 mg of pure ashwagandha root and feature plant-based ingredients without unnecessary processing. Not only can ashwagandha extract promote a healthy response to stress, it may also help support immune function. No matter which benefits of ashwagandha you’re looking for, this herbal remedy has your back.

As an adaptogen, ashwagandha works by supporting normal cortisol levels and helps regulate our adrenal system. This in turn, balances our physiological responses to stressors and helps us “adapt” to stress more easily. Ashwagandha has traditionally also been used to promote health and longevity, to revitalize the body, support sleep and boost overall wellbeing.

Suggested use
As a dietary supplement, take two vegan capsules one to two times per day with water.

Warning
For adults only. Do not take this product if you are pregnant or nursing. Consult your healthcare provider before using this or any product if you are taking medication or have a medical condition. Keep out of reach of children. Do not use if seal is broken. Store in a cool, dry place. Cancer and reproductive harm. Prop 65.

Other Ingredients
Vegan capsule (hypromellose), rice flour, magnesium stearate.",738.84,Adaptogens,4.7,22637,"https://cloudinary.images-iherb.com/image/upload/f_auto,q_auto:eco/images/swv/swv01957/g/72.jpg",https://in.iherb.com/pr/swanson-full-spectrum-ashwagandha-100-vegan-capsules-450-mg-per-capsule/109031
15658,"Doctor's Best, High Absorption CoQ10 with BioPerine®, 100 mg, 120 Veggie Caps",Antioxidants,Categories > Supplements > Antioxidants > Coenzyme Q10 (Ubiquinone),Science-Based Nutrition™ | Heart & Energy Support | Dietary Supplement | Non-GMO | Gluten Free | Soy Free | Vegan | Helps restore CoQ10 that may be depleted by aging and statin drugs ▵ . | Formulated with BioPerine® black pepper extract to enhance absorption and bioavailability.,"• Science-Based Nutrition™
• Heart & Energy Support
• Dietary Supplement
• Non-GMO
• Gluten Free
• Soy Free
• Vegan
• Helps restore CoQ10 that may be depleted by aging and statin drugs ▵ .
• Formulated with BioPerine® black pepper extract to enhance absorption and bioavailability.

At Doctor's Best, we are all about tackling stress, free radicals, statin medications ▵ , and aging, which can zap CoQ10 levels and affect stamina. Our specialized formula is geared towards boosting energy production, supporting muscle function, and enhancing overall vitality.

▵ CoQ10 is not intended to serve as a replacement for statin therapy, nor should you discontinue taking any prescribed medications while supplementing with CoQ10.

Suggested use
Adult Use: Take 1 capsule daily, preferably with food for maximum absorption, or as recommended by a nutritionally informed physician.

Warning
Store in a cool dry place.

Other Ingredients
Rice powder, hypromellose (vegetarian capsule), magnesium stearate (vegetable source), silicon dioxide. USP verified, naturally fermented CoQ10.",1828.63,Antioxidants,4.7,37706,"https://cloudinary.images-iherb.com/image/upload/f_auto,q_auto:eco/images/drb/drb00188/g/156.jpg",https://in.iherb.com/pr/doctor-s-best-high-absorption-coq10-with-bioperine-100-mg-120-veggie-caps/15658
449,"NOW Foods, Methyl B-12, 1,000 mcg, 100 Lozenges",Vitamin B,Categories > Supplements > Vitamins > Vitamin B > Vitamin B12 (Cobalamin),Nervous System Health | Essential for Energy Production | Methylcobalamin | A Dietary Supplement | Vegetarian/Vegan | Kosher | Vitamins | Family Owned Since 1968 | Quality GMP Assured | Halal,"• Nervous System Health
• Essential for Energy Production
• Methylcobalamin
• A Dietary Supplement
• Vegetarian/Vegan
• Kosher
• Vitamins
• Family Owned Since 1968
• Quality GMP Assured
• Halal

Vitamin B-12 is necessary for the production of energy from fats and proteins and is well known for its critical role in DNA synthesis, as well as in homocysteine metabolism. Methylcobalamin is the co-enzyme form of vitamin B-12 that has been found to be especially critical in the maintenance of a healthy nervous system. Dietary sources are almost exclusively of animal origin (meat and dairy) and supplementation with B-12 may be especially important for strict vegetarians. NOW® Methyl B-12 is vegetarian/vegan (non-animal derived).

Suggested use
Take 1 lozenge 1 to 2 times daily. Chew lozenge or hold in mouth until dissolved and swallow.

Warning
Natural color variation may occur in this product. For adults only. Consult physician if pregnant/nursing, taking medication, or have a medical condition. Keep out of reach of children. Contains Xylitol, which is harmful to pets. Store in a cool, dry place after opening.

Other Ingredients
Xylitol, hydroxypropyl cellulose, microcrystalline cellulose, citric acid, stearic acid (vegetable source), natural flavors, organic stevia leaf extract (enzyme-modified steviol glycosides) and organic monk fruit extract. Made and quality tested in the USA with globally sourced ingredients. Not manufactured with wheat, gluten, soy, milk, egg, fish, shellfish, tree nut or sesame ingredients. Produced in a GMP facility that processes other ingredients containing these allergens.",769.44,Vitamin B,4.8,21401,"https://cloudinary.images-iherb.com/image/upload/f_auto,q_auto:eco/images/now/now00495/g/69.jpg",https://in.iherb.com/pr/now-foods-methyl-b-12-1-000-mcg-100-lozenges/449
46876,"Doctor's Best, Fully Active B12, 1,500 mcg, 60 Veggie Caps",Vitamin B,Categories > Supplements > Vitamins > Vitamin B > Vitamin B12 (Cobalamin),"Science-Based Nutrition™ | Energy, Memory, & Mood Support | Dietary Supplement | Non-GMO | Gluten Free | Soy Free | Vegan | Supports mood, memory, and energy. | Supports red blood cell formation.","• Science-Based Nutrition™
• Energy, Memory, & Mood Support
• Dietary Supplement
• Non-GMO
• Gluten Free
• Soy Free
• Vegan
• Supports mood, memory, and energy.
• Supports red blood cell formation.

At Doctor's Best, we value the science of energy. Our unique formula contains methylcobalamin, a bioactive form of vitamin B12 crucial for energy production. This active B12 is readily absorbed, aiding in the maintenance of healthy nerve cells, supporting red blood cell formation, and contributing to overall neurological function in the body.

Suggested use
Take 1 capsule daily with a meal, or as recommended by a nutritionally informed physician.

Warning
Store in a cool dry place.

Other Ingredients
Microcrystalline cellulose, hypromellose (vegetarian capsule).",531.27,Vitamin B,4.7,25869,"https://cloudinary.images-iherb.com/image/upload/f_auto,q_auto:eco/images/drb/drb00286/g/87.jpg",https://in.iherb.com/pr/doctor-s-best-fully-active-b12-1-500-mcg-60-veggie-caps/46876
102340,"NOW Foods, B-12, 100 Lozenges",Vitamin B,Categories > Supplements > Vitamins > Vitamin B > Vitamin B12 (Cobalamin),"Nervous System Health | 1,000 mcg | Essential for Energy Production | With Folic Acid | A Dietary Supplement | Vegetarian/Vegan | Kosher | Vitamins | Family Owned Since 1968 | GMP Quality Assured | Halal","• Nervous System Health
• 1,000 mcg
• Essential for Energy Production
• With Folic Acid
• A Dietary Supplement
• Vegetarian/Vegan
• Kosher
• Vitamins
• Family Owned Since 1968
• GMP Quality Assured
• Halal

Vitamin B-12 (cyanocobalamin) is a water soluble vitamin necessary for the maintenance of a healthy nervous system and for the production of energy from fats and proteins. Vitamin B-12 is also essential for the synthesis of DNA during cell division and therefore is especially important for rapidly multiplying cells, such as blood cells. In addition, adequate intake of vitamin B-12, along with folic acid and vitamin B-6, is critical for the conversion of homocysteine to methionine, thereby supporting a healthy cardiovascular system. While B-12 is stored in the liver, dietary sources are of animal origin only (meat and dairy). Therefore, supplementation with B-12 may be especially important for strict vegetarians.

Suggested use
Take 1 lozenge daily with a meal. Chew lozenge or hold in mouth until dissolved and swallow.

Warning
Natural color variation may occur in this product. Store in a cool, dry place after opening. For adults only. Consult physician if pregnant/nursing, taking medication, or have a medical condition. Keep out of reach of children. Contains Xylitol, which is harmful to pets.

Other Ingredients
Xylitol, microcrystalline cellulose, natural flavors, stearic acid (vegetable source), maltodextrin, organic stevia leaf extract (enzyme- modified steviol glycosides) and silicon dioxide. Made and quality tested in the USA with globally sourced ingredients. Not manufactured with wheat, gluten, soy, milk, egg, fish, shellfish, tree nut or sesame ingredients. Produced in a GMP facility that processes other ingredients containing these allergens.",599.32,Vitamin B,4.8,17114,"https://cloudinary.images-iherb.com/image/upload/f_auto,q_auto:eco/images/now/now00466/g/46.jpg",https://in.iherb.com/pr/now-foods-b-12-100-lozenges/102340
8641,"Solgar, Sublingual Vitamin B12, 1,000 mcg, 250 Nuggets",Vitamin B,Categories > Supplements > Vitamins > Vitamin B > Vitamin B12 (Cobalamin),"Since 1947 | Gluten, Wheat & Dairy Free | Suitable for Vegans | Non-GMO | Halal | Kosher Parve","• Since 1947
• Gluten, Wheat & Dairy Free
• Suitable for Vegans
• Non-GMO
• Halal
• Kosher Parve

Vitamin B12 is part of a group of essential nutrients known as the B Complex. It supports energy metabolism and promotes a healthy nervous system. Along with Folic Acid and Vitamin B6, it supports heart health by promoting healthy levels of homocysteine already within a normal range. B12 is required for the normal development and regeneration of red blood cells, which help to deliver oxygen throughout the body.

Suggested use
As a dietary supplement for adults, take one (1) nugget daily, preferably with a meal or as directed by a healthcare practitioner; to be placed between the cheek and gum, under the tongue (sublingually) or chewed.

Warning
If you are pregnant, nursing, taking any medications or have any medical condition, please consult your healthcare practitioner before taking any dietary supplement. Discontinue use and consult your healthcare practitioner it any adverse reactions occur. Keep out of reach of children. Store at room temperature. Do not use if outer bottle seal is missing or damaged.

Other Ingredients
Mannitol, vegetable stearic acid, vegetable cellulose, natural cherry flavor with other natural flavors, vegetable magnesium stearate. Free Of: Gluten, wheat, dairy, soy, yeast, sugar, sodium, artificial flavor, preservatives and color.",2326.39,Vitamin B,4.8,2871,"https://cloudinary.images-iherb.com/image/upload/f_auto,q_auto:eco/images/sol/sol03230/g/65.jpg",https://in.iherb.com/pr/solgar-sublingual-vitamin-b12-1-000-mcg-250-nuggets/8641
82261,"California Gold Nutrition, B Complex Gummies with Vitamins B6 and B12, Folate, and Biotin, Strawberry, 45 Vegetarian Gummies",Vitamin B,Categories > Supplements > Vitamins > Vitamin B > Vitamin B Complex,"Featuring a Vitamin B Complex with B6, B12, Niacin (B3), Folate (B9), and Biotin (B7) | Natural Strawberry Flavor | Helps Support Overall Wellness and Healthy Energy Levels* | Suitable for Vegetarians","• Featuring a Vitamin B Complex with B6, B12, Niacin (B3), Folate (B9), and Biotin (B7)
• Natural Strawberry Flavor
• Helps Support Overall Wellness and Healthy Energy Levels*
• Suitable for Vegetarians

California Gold Nutrition® B Complex Gummies contain 5 different types of vitamin B, helping to support overall wellness and healthy energy levels.*

Suggested use
Take 1 gummy daily, with or without food. Best when taken as directed by a qualified healthcare professional.

Warning
Keep out of reach of children. Consult with a licensed physician, pharmacist, naturopath or other qualified healthcare professional prior to taking dietary supplements. Sealed for your protection. Do not use if seal is missing or broken. Store in a cool, dry place. Protect from heat, light, and moisture.

Other Ingredients
Main Ingredients Vitamin C (as Ascorbic Acid), Niacin (as Niacinamide), Vitamin B6 (as Pyridoxine HCI), Folate (Folic Acid), Vitamin B12 (as Cyanocobalamin), Biotin (as d-Biotin) Other Ingredients Cane Sugar, Tapioca Syrup, Purified Water, Pectin (from Apple and/or Citrus), Natural Flavors, Citric Acid, Sodium Citrate, Fruit and Vegetable Juice Colors (from Carrot and Blackcurrant Concentrates), and Vegetarian Coating (Vegetable Oil [from Coconut and/or Palm], Carnauba Wax). Contains: Tree Nuts (Coconut) Not manufactured with milk, eggs, fish, crustacean shellfish, peanuts, wheat, soy, sesame, or gluten. Produced in an FDA-registered, third-party audited, and cGMP-compliant facility that may process other products that contain these allergens or ingredients.",710.02,Vitamin B,4.7,18130,"https://cloudinary.images-iherb.com/image/upload/f_auto,q_auto:eco/images/cgn/cgn01201/g/143.jpg",https://in.iherb.com/pr/california-gold-nutrition-b-complex-gummies-with-vitamins-b6-and-b12-folate-and-biotin-strawberry-45-vegetarian-gummies/82261
145091,"Carrington Farms, MCT Oil Powder, 5 oz (141.7 g)",Weight Management,Categories > Supplements > Weight Management > MCT Oil & Caprylic Acid,2.5 g MCT + 0 g Net Carbs | Made from Coconut | Clean Energy and Easy to Digest | Gluten Free | Keto Friendly | Diary Free | Non GMO | Kosher,"• 2.5 g MCT + 0 g Net Carbs
• Made from Coconut
• Clean Energy and Easy to Digest
• Gluten Free
• Keto Friendly
• Diary Free
• Non GMO
• Kosher

Carrington Farms MCT* Oil Powder is the optimal way to incorporate the sustained energy Medium Chain Triglycerides provide. MCT Oil Powder mixes easily and creates a pleasant creamy texture when added to shakes, smoothies and coffee! This powder is also great for baking!

The Carrington Farms Promise

​We promise that everything we make is Simple. Clean. Real.™ and will make you feel nourished from the inside out. We won't sell it to you unless we are willing to serve it to our own families!

*Medium Chain Triglycerides

**Per Serving. See nutrition information for Fat & Saturated Fat content.

Suggested use
Simply add 1 or 2 Tbsp Carrington Farms MCT Oil Powder to your favorite shakes, smoothies or coffee. Also great to add to baking recipes!

Warning
Reseal tightly and store in a cool dry place. Some settling may occur. sold by weight not volume.

Other Ingredients
Medium chain triglycerides (coconuts), gum acacia.",810.53,Weight Management,4.6,44,"https://cloudinary.images-iherb.com/image/upload/f_auto,q_auto:eco/images/crf/crf93040/g/2.jpg",https://in.iherb.com/pr/carrington-farms-mct-oil-powder-5-oz-141-7-g/145091
141657,"Nature's Path, Organic Keto All-Purpose Flour, 16 oz (454 g)","Baking, Flour & Mixes","Categories > Grocery > Baking, Flour & Mixes > All-Purpose Flour",5 g Net Carbs Per 30 g Serving | 1:1 Replacement for All-Purpose Flour | Exceptional Results for Keto Baking Recipes | Non GMO Project Verified | USDA Organic | Always Organic. Always Exceptional | Vegan | Certified Organic by Quality Assurance International (QAI) | Kosher,"• 5 g Net Carbs Per 30 g Serving
• 1:1 Replacement for All-Purpose Flour
• Exceptional Results for Keto Baking Recipes
• Non GMO Project Verified
• USDA Organic
• Always Organic. Always Exceptional
• Vegan
• Certified Organic by Quality Assurance International (QAI)
• Kosher

Exceptional Flour Leads to Exceptional Possibilities.

We believe slow and steady wins the taste race: the best organic grains are selected and blended at a low speed. For you, that means consistent, high-quality, and highly-satisfying results for your baking and the planet.

How to Calculate Net Carbs

10 g Total Carbs - 5 g Dietary Fiber - 0 g Sugar Alcohols = 5 g† Net Carbs

Your key to keto baking.

Made from organic ingredients with 5 g net carbs per serving, this Keto All-Purpose Flour will unlock all your favorite recipes without compromising on taste and texture.

""Always leave the soil better than you found it.""

""Our Always Organic Legacy began on the family farm I was raised on, where my dad said 'Always leave the soil better than you found it,' by farming without chemical pesticides, fertilizers or GMOs. For over 30 years, our family has aspired to make delicious organic foods that you can love and trust""

Arran Stephens, Co-founder

†Per 30g serving. 5g net carbs per serving

Suggested use
Designed to fit your nutritional needs, it's suitable as a 1:1 replacement for 'flour' or 'all-purpose flour' in recipes such as muffins, cookies, and other delicious keto creations.

Warning
To maintain freshness, store in a cool, dry place.

Other Ingredients
Vital wheat gluten*, wheat flour*, oat fiber*, flax meal*, psyllium seed husk*, medium chain triglycerides oil powder* [modified coconut oil* (medium chain triglycerides*), acacia gum*], cream of tartar, citric acid, acacia gum*. *Organic Contains wheat and coconut. Produced in a facility that uses sesame.",1441.45,"Baking, Flour & Mixes",4.2,92,"https://cloudinary.images-iherb.com/image/upload/f_auto,q_auto:eco/images/npa/npa24315/g/2.jpg",https://in.iherb.com/pr/nature-s-path-organic-keto-all-purpose-flour-16-oz-454-g/141657
89504,"Bob's Red Mill, Super-Fine Almond Flour, 16 oz (453 g)","Baking, Flour & Mixes","Categories > Grocery > Baking, Flour & Mixes > Almond Flour & Meal",An Employee-Owned Company | From Blanched Whole Almonds | Non GMO Project Verified | Paleo Friendly | Kosher Pareve | You Can See Our Quality ® | Great for Baking | Grain Free,"• An Employee-Owned Company
• From Blanched Whole Almonds
• Non GMO Project Verified
• Paleo Friendly
• Kosher Pareve
• You Can See Our Quality ®
• Great for Baking
• Grain Free

Almond Flour is simply skinless, blanched almonds ground to a super-fine texture. Use in grain free and gluten free baking, or as a breading for meats and vegetables. It lends a moist texture and rich, buttery flavor to cakes, cookies, pancakes, and muffins.

Reasons to Love Almond Flour

Pure and simple. Those are the perfect words to describe Bob's Red Mill ® Almond Flour. Take a look at the ingredients - or rather, the ingredient. That's right. There's only one: almonds. It doesn't get much simpler than that. And we think that's just how it should be.

To your good health, Bob Moore.

Warning
Store in a cool, dry place. Keeps best refrigerated or frozen after opening.

Other Ingredients
Blanched almonds. Contains: Tree nuts (almonds). Tested and confirmed gluten free.",1412.02,"Baking, Flour & Mixes",4.8,9329,"https://cloudinary.images-iherb.com/image/upload/f_auto,q_auto:eco/images/brm/brm05381/g/10.jpg",https://in.iherb.com/pr/bob-s-red-mill-super-fine-almond-flour-16-oz-453-g/89504
32716,"Edward & Sons, Let's Do Organic®, Coconut Flour, 16 oz (454 g)","Baking, Flour & Mixes","Categories > Grocery > Baking, Flour & Mixes > Coconut Flour",A Delicious Alternative to Grain Flours | Gluten Free | USDA Organic | Contains 4 Cups by Volume | Vegan | Non GMO | Kosher Pareve | Grain Free | Certified Organic by QAI | Convenience Without Compromise®,"• A Delicious Alternative to Grain Flours
• Gluten Free
• USDA Organic
• Contains 4 Cups by Volume
• Vegan
• Non GMO
• Kosher Pareve
• Grain Free
• Certified Organic by QAI
• Convenience Without Compromise®

Let's Do Organic® Coconut Flour is made from fresh, ripe organic coconuts. After manually separating the rich, white coconut meat from its shell, we shred and press it to reduce fat and moisture, then mill it into a fine flour to achieve a texture reminiscent of wheat flour. A gluten-free, plant-based source of protein and fiber, it's wonderful in baked foods and splendid in smoothies.

Organic certification prohibits the use of GMOs and other unwelcome ingredients.

Suggested use
Replace 25% of the wheat (or other grain) flour with coconut flour, while also increasing the liquid by the same measure. If Your Recipe Calls For... 2 cups grain flour 1 cup water ...Try This: 1/2 cup coconut flour 1 1/2 cups grain flour 1 1/2 cups water Coconut Flour can also replace wheat flour completely in many recipes with great results.

Warning
Store tightly closed bag in refrigerator or freezer and enjoy within six months. Note: No added sulfites therefore color may vary.

Other Ingredients
Organic coconut.",614.16,"Baking, Flour & Mixes",4.7,3673,"https://cloudinary.images-iherb.com/image/upload/f_auto,q_auto:eco/images/edw/edw00524/g/16.jpg",https://in.iherb.com/pr/edward-sons-let-s-do-organic-coconut-flour-16-oz-454-g/32716
89502,"Bob's Red Mill, Organic Coconut Flour, Gluten Free, 16 oz (453 g)","Baking, Flour & Mixes","Categories > Grocery > Baking, Flour & Mixes > Coconut Flour",Resealable Package | An Employee-Owned Company | To Your Good Health ® | Great for Gluten Free Baking | Non GMO Project Verified | Fair Trade Certified™ | USDA Organic | Kosher Pareve | You Can See Our Quality® | Certified Organic by QAI | Grain Free | Paleo Friendly | Vegan | Single Ingredient | Tested and Confirmed Gluten Free,"• Resealable Package
• An Employee-Owned Company
• To Your Good Health ®
• Great for Gluten Free Baking
• Non GMO Project Verified
• Fair Trade Certified™
• USDA Organic
• Kosher Pareve
• You Can See Our Quality®
• Certified Organic by QAI
• Grain Free
• Paleo Friendly
• Vegan
• Single Ingredient
• Tested and Confirmed Gluten Free

Pure and simple. Those are the perfect words to describe Bob's Red Mill® Organic Coconut Flour. Take a look at the ingredients-or rather, the ingredient. That's right. There's only one: organic coconut. It doesn't get much simpler than that. And we think that's just how it should be.

To your good health, Bob Moore.

Suggested use
Tips for Using Coconut Flour: You can replace up to 20% of the flour called for in a recipe with coconut flour, adding an equivalent amount of additional liquid. If batter is too thick, add a bit more liquid until desired consistency is achieved. If batter seems too runny, don't worry; coconut flour is very absorbent. During baking, it will absorb much of the liquid.

Warning
Store in a cool, dry place. Keeps best sealed for freshness.

Other Ingredients
Organic coconut. Contains: Tree nuts (coconut).",828.57,"Baking, Flour & Mixes",4.7,3076,"https://cloudinary.images-iherb.com/image/upload/f_auto,q_auto:eco/images/brm/brm01815/g/10.jpg",https://in.iherb.com/pr/bob-s-red-mill-organic-coconut-flour-gluten-free-16-oz-453-g/89502
131811,"BareOrganics, Organic Coconut Milk Powder, 8 oz (227 g)","Baking, Flour & Mixes","Categories > Grocery > Baking, Flour & Mixes > Coconut Flour","Superfoods to Nourish Your Life | Keto & Paleo Friendly | Gluten Free | Vegan | Non-GMO | BPA Free - Reusable Container | USDA Organic | Dairy-Free | Great in Coffee & Tea | Creamy, Sweet Coconut Flavor | Kosher | Certified Organic by Ecocert","• Superfoods to Nourish Your Life
• Keto & Paleo Friendly
• Gluten Free
• Vegan
• Non-GMO
• BPA Free - Reusable Container
• USDA Organic
• Dairy-Free
• Great in Coffee & Tea
• Creamy, Sweet Coconut Flavor
• Kosher
• Certified Organic by Ecocert

The milk of the coconut is an ancient tropical source of hydration and wholesome nutrition. Our powder comes from fresh, organic coconuts for that delicious island flavor. It easily turns into coconut milk or coconut cream with the simple addition of water. This is a great-tasting, long-lasting alternative to dairy milk, perfect for vegans or those who are lactose-intolerant. It makes a great coffee creamer, and can be used in a favorite dessert recipe that calls for coconut flavor.

​ Coconut milk is thought to be full of minerals, electrolytes and healthy fatty acids that can help you stay mentally focused and support healthy bones and teeth.

Benefits: A dairy free and vegan option for baking, using as a creamer in coffee and teas, and an excellent substitute for any sweet or savory recipes calling for milk. May be a good source for electrolytes.

Suggested use
To make ""light coconut milk"" mix 1/2 cup (40 g) of coconut milk powder with 1 cup warm water. To make ""coconut cream"" mix 1.5 cups (120 g) coconut milk powder with 1 cup of warm water.

Warning
Note: Natural and organic products may vary slightly from batch to batch in color, scent and flavor depending on harvest conditions. Contents sold by weight, not volume and some settling may occur during shipping and handling. The amount of product contained in packaging may be above or below the estimated servings due to variations in handling and product density. Silica packet included to help maintain freshness, do not consume. If you are pregnant or lactating, consult a healthcare professional before using this product. Keep out of reach of children. Store in a cool, dry place away from sunlight and moisture. Do not use this product if tamper-evident seal has been removed or is broken.

Other Ingredients
Organic coconut milk, organic gum acacia, organic tapioca maltodextrin. Contains: coconut. Processed in USA with globally sourced ingredients.",1704.09,"Baking, Flour & Mixes",4.5,85,"https://cloudinary.images-iherb.com/image/upload/f_auto,q_auto:eco/images/bog/bog02865/g/24.jpg",https://in.iherb.com/pr/bareorganics-organic-coconut-milk-powder-8-oz-227-g/131811
89817,"Wildly Organic, Gluten-Free Coconut Flour, 16 oz (454 g)","Baking, Flour & Mixes","Categories > Grocery > Baking, Flour & Mixes > Coconut Flour","High in Fiber | High in Iron | USDA Organic | Non GMO Project Verified | Kosher | Certified Gluten Free | Vegan | Certified Organic by International Certification Services, Inc","• High in Fiber
• High in Iron
• USDA Organic
• Non GMO Project Verified
• Kosher
• Certified Gluten Free
• Vegan
• Certified Organic by International Certification Services, Inc

Gluten-Free Coconut Flour

Our 100% Coconut Flour is certified gluten-free and made with organic coconuts. It is an excellent source of dietary fiber as well as iron and is naturally low in digestible carbohydrates. Coconuts for our flour are dried at low temperatures and then pressed slowly so no heat is generated and no ""toasting"" occurs. This yields an organic coconut flour that is considered raw and is white rather than the light tan of other brands.

Independent by Nature

Wildly Organic helps nourish healthy lives with a line of minimally processed foods made for exceptional quality and taste. An independent, family-owned company since 2000, we are committed to sharing wholesome food that is responsibly sourced and produced.

Warning
May contain desiccant and oxygen absorber packets to preserve freshness. Store in a cool, dry place.

Other Ingredients
Organic raw coconut flour. Contains: Tree nuts (coconut) Processed in a facility that also processes tree nuts (never peanuts).",789.56,"Baking, Flour & Mixes",4.7,1166,"https://cloudinary.images-iherb.com/image/upload/f_auto,q_auto:eco/images/wlo/wlo00030/g/6.jpg",https://in.iherb.com/pr/wildly-organic-gluten-free-coconut-flour-16-oz-454-g/89817
126009,"Pillsbury, Organic Coconut Flour, 1 lb. (454 g)","Baking, Flour & Mixes","Categories > Grocery > Baking, Flour & Mixes > Coconut Flour",Convenient & Resealable | 100% Coconut Flour | Good Source Of Fiber | USDA Organic | 60 Calories | 2 g Sat Fat - 10% DV | 5 mg Sodium - 0% DV | 2 g Total Sugars | Kosher | Sits Upright | Easy To Scoop & Store | Certified Organic by QAI,"• Convenient & Resealable
• 100% Coconut Flour
• Good Source Of Fiber
• USDA Organic
• 60 Calories
• 2 g Sat Fat - 10% DV
• 5 mg Sodium - 0% DV
• 2 g Total Sugars
• Kosher
• Sits Upright
• Easy To Scoop & Store
• Certified Organic by QAI

Our Organic Coconut Flour is just the thing to help make baked goods enjoyable for the whole family.

Suggested use
For gluten free flour recipes, use 3/4 cup gluten free plus 1/4 cup Coconut Flour and up to 1/4 cup additional liquid for each 1 cup flour. For all-purpose flour recipes, use 3/4 cup all-purpose flour plus 1/4 cup Coconut Flour and up to 1/4 cup additional liquid for each 1 cup flour. Gluten Free* Chocolate Chip Coconut Cookies *Ensure all recipe Ingredients are gluten free by referencing the Ingredient labels, as products may vary. If uncertain, contact the ingredient manufacturer. 3/4 cup all-vegetable shortening 2 cups Pillsbury Best™ All Purpose Gluten Free Flour Blend 3/4 cup firmly packed brown sugar 1/2 cup sugar 1/3 cup Pillsbury BEST™ Coconut Flour 1/4 cup butter, softened 1 teaspoon baking soda 2 teaspoons vanilla extract 3/4 teaspoon salt 2 eggs 1 1/2 cups sweetened coconut flakes 1 cup semi-sweet chocolate chips Heat oven to 350ºF. Beat shortening, brown sugar, sugar, butter and vanilla in large bowl with mixer on medium speed until blended. Add eggs, one at a time, beating well after each addition. Stir flour blend, coconut flour, baking soda and salt in medium bowl. Beat into shortening mixture just until blended. Stir in coconut and chocolate chips. Drop by rounded tablespoonfuls 2 inches apart onto baking sheet. Bake 10 to 12 minutes or until edges are light brown. Cool on baking sheet 3 minutes. Remove to wire rack to cool completely. Makes 30 servings - about 5 dozen cookies

Warning
Flour is raw. Do not eat raw flour, dough or batter. Please cook fully before enjoying.

Other Ingredients
Organic coconut*. Contains coconut. *Fair Trade certified ingredients.",748.04,"Baking, Flour & Mixes",4.7,62,"https://cloudinary.images-iherb.com/image/upload/f_auto,q_auto:eco/images/pll/pll08012/g/3.jpg",https://in.iherb.com/pr/pillsbury-organic-coconut-flour-1-lb-454-g/126009
89505,"Bob's Red Mill, Baking Soda, 1 lb (454 g)","Baking, Flour & Mixes","Categories > Grocery > Baking, Flour & Mixes > Baking Soda & Powder",Gluten Free | To Your Good Health® | An Employee-Owned Company | Premium Quality | A Baking Essential | Non-GMO Project Verified | You Can See Our Quality® | Kosher Pareve,"• Gluten Free
• To Your Good Health®
• An Employee-Owned Company
• Premium Quality
• A Baking Essential
• Non-GMO Project Verified
• You Can See Our Quality®
• Kosher Pareve

Bob's Red Mill's Baking Soda is extracted by a simple water process using no chemicals. It offers a light texture and tender crumb to baked goods and is perfect for pancakes, cookies, cakes, muffins and biscuits.

As a boy, I loved helping my grandmother make her famous cinnamon rolls. She told me her secret was simple: always use the very best ingredients. As I grew up, I took her words to heart. I am proud to say my grandmother would approve of the superior baking soda you'll find in this package. It is nothing less than the very best!

Warning
Store in a cool, dry place. Keeps best sealed for freshness.

Other Ingredients
Sodium bicarbonate.",534.69,"Baking, Flour & Mixes",4.8,19003,"https://cloudinary.images-iherb.com/image/upload/f_auto,q_auto:eco/images/brm/brm03391/g/8.jpg",https://in.iherb.com/pr/bob-s-red-mill-baking-soda-1-lb-454-g/89505
89480,"Bob's Red Mill, Classic Pancake & Waffle Mix, 24 oz (680 g)","Baking, Flour & Mixes","Categories > Grocery > Baking, Flour & Mixes > Pancake & Waffle Mix",Simple Ingredients | Bob's Signature Blends | Homemade Taste | Resealable Package | 50% Whole Grain - 15 g Or More Per Serving | 50% Or More Of The Grain Is Whole Grain | Kosher Pareve | Non GMO Project Verified,"• Simple Ingredients
• Bob's Signature Blends
• Homemade Taste
• Resealable Package
• 50% Whole Grain - 15 g Or More Per Serving
• 50% Or More Of The Grain Is Whole Grain
• Kosher Pareve
• Non GMO Project Verified

We all love pancakes and waffles made from scratch, but who has the time? You do, thanks to our Gluten Free Classic Pancake & Waffle Mix, made with pantry staples you'd reach for yourself. Bob's Signature Blend of premium, gluten free flours is your delicious shortcut to fluffy, homemade pancakes and crisp, golden waffles every time!

Suggested use
Pancakes 1 cup Bob's Red Mill® Gluten Free Pancake Mix 3/4 - 1 cup Milk or Water 1 Egg 1 Tbsp melted Butter or Oil 1 Tbsp Vanilla Extract (optional) Whisk together mix, 3/4 cup milk or water, and remaining ingredients until just combined. Let rest for 5-10 minutes, then add additional liquid if needed to thin batter. Meanwhile, heat a lightly greased griddle or pan over medium-high heat. Scoop 1/4 cup portions onto the hot griddle or pan. Cook until bubbly, then flip and cook until the center is set, 2-3 minutes per side. Serve immediately. Makes about 8 pancakes. Waffles 1 cup Bob's Red Mill® Gluten Free Pancake Mix 3/4-1 cup Milk or Water 1 Egg 2 Tbsp melted Butter or Oil 1 Tbsp Vanilla Extract (optional) Preheat waffle iron according to manufacturer's instructions or to medium heat for 10 minutes. Whisk together mix, 3/4 cup milk or water, and remaining ingredients until just combined. Let rest for 5-10 minutes, then add additional liquid if needed to thin batter. Follow waffle iron manufacturer's instructions for measuring and cooking waffles. Serve immediately. Makes 3-4 waffles.

Warning
Store in a cool, dry place.

Other Ingredients
Gluten free flour blend (brown rice flour, potato starch, pearled white sorghum flour, tapioca flour, sweet white rice flour), sugar, baking powder (cornstarch, sodium bicarbonate, monocalcium phosphate), sea salt, xanthan gum. Tested and confirmed Gluten Free.",953.47,"Baking, Flour & Mixes",4.7,11770,"https://cloudinary.images-iherb.com/image/upload/f_auto,q_auto:eco/images/brm/brm11462/g/11.jpg",https://in.iherb.com/pr/bob-s-red-mill-classic-pancake-waffle-mix-24-oz-680-g/89480
92662,"Natural Simply Delish, Plant-Based Instant Pudding, Chocolate, Sugar Free, 1.7 oz (48 g)",Grocery,"Categories > Grocery > Baking, Flour & Mixes",0 g Sugar Per Serving | 4 g Net Carbs* Per Serving | 25 Calories | Ketogenic Certified | Kosher | American Halal Foundation - Certified Halal | Ready in 5 Minutes | Low Calorie | Vegan | Non GMO Project Verified | Lactose Free | Nut Free | Gluten Free,"• 0 g Sugar Per Serving
• 4 g Net Carbs* Per Serving
• 25 Calories
• Ketogenic Certified
• Kosher
• American Halal Foundation - Certified Halal
• Ready in 5 Minutes
• Low Calorie
• Vegan
• Non GMO Project Verified
• Lactose Free
• Nut Free
• Gluten Free

Simply Delish Keto Instant Puddings will be Plant-Based, Vegan, Lactose & Dairy free when made with unsweetened non-dairy milk alternatives.

9 g Total Carbs - 1 g Dietary Fiber - 4 g Erythritol = 4g Net Carbs*

Suggested use
Mixing: Beat 1 packet into 2 cups of milk (or 1 1/4 cups of milk substitute: oat, soy, almond or coconut) using a whisk or electric beater on slow for 3 - 5 minutes. Serving: Pour into serving dish and allow to stand for 5 minutes. For a delicious hot pudding - heat in the microwave for 30 seconds. Can also be used as a filling when mixed with cream or non-dairy cream.

Other Ingredients
Corn starch, erythritol, cocoa powder (processed with alkali), emulsifiers, stevia extract, natural flavor (vanilla), salt. Allergen free. Free from 8 common allergens : Peanut, tree nuts, sesame, wheat, dairy, egg, soy and fish.",305.26,Grocery,4.4,4340,"https://cloudinary.images-iherb.com/image/upload/f_auto,q_auto:eco/images/nsd/nsd95000/g/42.jpg",https://in.iherb.com/pr/natural-simply-delish-plant-based-instant-pudding-chocolate-sugar-free-1-7-oz-48-g/92662
140129,"Flora, Certified Organic MCT Oil, Unflavored, 14 g, 17 fl oz (500 ml)",Weight Management,Categories > Supplements > Weight Management > MCT Oil & Caprylic Acid,Ethically Sourced | 100% From Non-GMO Coconuts | 14 g Per Serving | Vegan + Gluten Free | USDA Organic | Dietary Supplement | Non GMO Project Verified | Certified Organic by QAI | Kosher | Provides Sustained Energy | Paleo & Ketogenic Diet-Friendly | Hexane-Free,"• Ethically Sourced
• 100% From Non-GMO Coconuts
• 14 g Per Serving
• Vegan + Gluten Free
• USDA Organic
• Dietary Supplement
• Non GMO Project Verified
• Certified Organic by QAI
• Kosher
• Provides Sustained Energy
• Paleo & Ketogenic Diet-Friendly
• Hexane-Free

Flora's Organic MCT Oil is made from ethically sourced coconuts. Each serving provides 14 g medium-chain triglycerides, including 7.5 g caprylic acid, and 4.8 g capric acid. MCTs are easier for the liver to process and metabolize than other long or short-chain fatty acids, making MCTs a great source of fuel for the body and brain.

Suggested use
Shake before using. Take 1 tablespoon once daily with food. For an energy boost, blend with: Coffee Smoothies Salad Dressings

Warning
Store at man temperature. Security sealed your protection. Do not use seal is missing or damaged.

Other Ingredients
Organic medium chain triglycerides coconut oil.",2678.32,Weight Management,4.8,65,"https://cloudinary.images-iherb.com/image/upload/f_auto,q_auto:eco/images/flo/flo67958/g/8.jpg",https://in.iherb.com/pr/flora-certified-organic-mct-oil-unflavored-14-g-17-fl-oz-500-ml/140129
98585,"NOW Foods, Organic Almond Flour, 16 oz (454 g)","Baking, Flour & Mixes","Categories > Grocery > Baking, Flour & Mixes > Almond Flour & Meal","Proud To Be Family Owned Since 1968 | Great Taste! | Superfine and Blanched | Abundant in Essential Fatty Acids | Paleo-Friendly | Only 3 g Net Carbs Per Serving | The Perfect Substitute For White Flour | USDA Organic | Gluten Free | Keto Friendly | Non GMO Project Verified | Real Ingredients, Real Food | Certified Organic by QAI | Vegan","• Proud To Be Family Owned Since 1968
• Great Taste!
• Superfine and Blanched
• Abundant in Essential Fatty Acids
• Paleo-Friendly
• Only 3 g Net Carbs Per Serving
• The Perfect Substitute For White Flour
• USDA Organic
• Gluten Free
• Keto Friendly
• Non GMO Project Verified
• Real Ingredients, Real Food
• Certified Organic by QAI
• Vegan

Almonds aren't just a tasty snack food; they can also be used to make delicious flour that can be substituted for white flour in almost any recipe.

NOW Real Food® Organic Almond Flour is pure, gluten free and only 3 grams of net carbs per serving, making it a tasty alternative to bleached white flour. Almond flour adds a rich texture and color to your favorite baked goods.

When substituting almond flour for other flours, use roughly the same amount of almond flour, but reduce the amount of liquid slightly. As with most recipe substitutions, some experimentation may be necessary to obtain the best results.

Fresher ingredients simply taste better, which is why this product is packaged using NOW Fresh Fill Technology to maximize flavor and freshness.

For over 50 years, NOW Real Food® has been committed to providing the highest quality foods using only the finest ingredients. We're independent, family owned, and proud of it. NOW that's keeping it real.

Suggested use
Refrigeration recommended after opening.

Other Ingredients
Organic almond flour. Packaged in a peanut-free facility that processes tree nuts.",1701.78,"Baking, Flour & Mixes",4.7,2295,"https://cloudinary.images-iherb.com/image/upload/f_auto,q_auto:eco/images/now/now06007/g/14.jpg",https://in.iherb.com/pr/now-foods-organic-almond-flour-16-oz-454-g/98585
116057,"BulletProof, Brain Octane, C8 MCT Oil, 14 fl oz (414 ml)",Weight Management,Categories > Supplements > Weight Management > MCT Oil & Caprylic Acid,Super Keto | Sustained Energy | Fat Burning Fuel | Fewer Cravings | Dietary Supplement,"• Super Keto
• Sustained Energy
• Fat Burning Fuel
• Fewer Cravings
• Dietary Supplement

Brain Octane® C8 MCT oil is no ordinary MCT oil. Sourced purely from coconuts, it contains the most ketogenic MCT oil, pure C8 caprylic acid-an easy-to-absorb, high-quality smart fat that rapidly converts into brain-powering, fat-burning ketone energy Brain Octane C8 MCT oil helps control cravings, jump-starts your metabolism and improves cognitive performance to keep you sharp.

Suggested use
Recipe for success. Brain Octane C8 MCT oil is flavorless, so you can add it to just about everything. Start with one teaspoon and build to the full one tablespoon serving size over several days. Start small to help your stomach adjust. Blend it into your Bulletproof Coffee recipe Add to smoothies and shakes Drizzle it over your favorite meals Make salad dressings, sauces, and marinades

Warning
Do not heat above 320° F. Refrigeration not required. Safety-sealed. Replace if outer seal is broken. Brain Octane® C8 MCT oil dissolves certain plastics, including Styrofoam, and should only be used with utensils and containers made of metal, glass, ceramic or HDPE plastics. Keep out of reach of children. As with any supplement, consult your healthcare practitioner before use, particularly if you are pregnant, nursing, taking medication, or have a medical condition.

Other Ingredients
Caprylic acid triglycerides from highly refined coconut oil. Extracted from 100% orangutan-friendly coconut oil. No palm oil whatsoever.",2770.05,Weight Management,4.8,1042,"https://cloudinary.images-iherb.com/image/upload/f_auto,q_auto:eco/images/bpf/bpf02424/g/24.jpg",https://in.iherb.com/pr/bulletproof-brain-octane-c8-mct-oil-14-fl-oz-414-ml/116057
141696,"Nutricost, C8 MCT Oil Powder, Unflavored, 8.1 oz (227 g)",Weight Management,Categories > Supplements > Weight Management > MCT Oil & Caprylic Acid,10 g MCT Oil Powder Per Serving | Nutricost® Quality Guaranteed | Third Party Tested | GMP Compliant Facility | Non-GMO Product | Gluten-Free,"• 10 g MCT Oil Powder Per Serving
• Nutricost® Quality Guaranteed
• Third Party Tested
• GMP Compliant Facility
• Non-GMO Product
• Gluten-Free

Taking too much MCT oil can cause stomach discomfort, especially for first time users. Start with a 1/2 serving and gradually increase your daily intake until desired amount is achieved, not to exceed the recommended use.

Suggested use
As a dietary supplement, mix 1 scoop daily with 6-10 oz of water or as directed by your healthcare professional.

Warning
For healthy individuals 18 years and older. Consult a healthcare professional prior to use if you are pregnant or nursing, taking medication, or have a medical condition. Keep out of reach of children. Do not use if safety seal is broken or missing. Notice: Store in a cool, dry place. Contents are sold by weight, not volume. Some settling may occur.

Other Ingredients
C8 medium chain triglycerides oil powder (medium chain triglycerides, soluble tapioca fiber, sodium caseinate (a milk derivative), contains 2% or less of each of the following: sunflower lecithin, silica, choline chloride). Contains: Milk. Made and quality tested in the USA with globally sourced ingredients.",1778.63,Weight Management,4.8,394,"https://cloudinary.images-iherb.com/image/upload/f_auto,q_auto:eco/images/ncs/ncs67555/g/8.jpg",https://in.iherb.com/pr/nutricost-c8-mct-oil-powder-unflavored-8-1-oz-227-g/141696
83309,"Sky Organics, Organic Shea Butter, 15 oz (425 g)",Body Butter,Categories > Bath & Personal Care > Body Care > Body Butter > Shea Butter,"Replenishing Butter | Nourishes, Soothes and Softens Dry Skin | USDA Organic | Leaping Bunny®; Cruelty Free | No Animal Testing | Certified Organic by Oregon Tilth","• Replenishing Butter
• Nourishes, Soothes and Softens Dry Skin
• USDA Organic
• Leaping Bunny®; Cruelty Free
• No Animal Testing
• Certified Organic by Oregon Tilth

Single Ingredient With Purity, Potency & Purpose

Full of essential fatty acids and antioxidants, this 100% pure, raw and unrefined organic butter nourishes and soothes dry skin for a soft, smooth feel.

Our Natural Integrity

We consider organic certification to be the highest clean, natural standard, so we don't need a free from list to assure you of this product's purity and sustainability.

Suggested use
Warm butter in hands to soften, then smooth over clean, dry skin or use in DIY beauty recipes. Patch test before first use and recycle after use.

Warning
Due to natural content, product texture is solid and color and fragrance may vary. Store in cool, dry place away from direct sunlight. For external use only. Avoid eye contact. Rinse with water if occurs. Discontinue use if skin redness or irritation occurs. Seek medical help if persists. Keep out of reach of children.

Other Ingredients
Organic butyrospermum parkii (shea) butter. Manufactured in USA with imported ingredients",2407.9,Body Butter,4.5,4823,"https://cloudinary.images-iherb.com/image/upload/f_auto,q_auto:eco/images/syo/syo00700/g/100.jpg",https://in.iherb.com/pr/sky-organics-organic-shea-butter-15-oz-425-g/83309
3560,"Boiron, Oscillococcinum, Flu-Like Symptoms, 6 Doses, 0.04 oz Each",Medicine Cabinet,Categories > Bath & Personal Care > Medicine Cabinet > Homeopathy,Reduces Duration and Severity of Flu Symptoms | Homeopathic Medicine | Body Aches | Headache | Fever | Chills | Fatigue | Non-Drowsy | No Drug Interactions | Works Naturally with Your Body | World Leader in Homeopathic Medicines | Quick-Dissolving Pellets | Body aches,"• Reduces Duration and Severity of Flu Symptoms
• Homeopathic Medicine
• Body Aches
• Headache
• Fever
• Chills
• Fatigue
• Non-Drowsy
• No Drug Interactions
• Works Naturally with Your Body
• World Leader in Homeopathic Medicines
• Quick-Dissolving Pellets
• Body aches

Take Oscillo at the First Sign of Flu-like Symptoms Oscillococcinum® (o-sill-o-cox-see-num) is safe, natural and easy to take. It has been shown in clinical studies to help reduce both the duration and the severity of flu-like symptoms.

Temporarily relieves flu-like symptoms such as:

Suggested use
Age Dose Adults and children 2 years of age and older Dissolve entire contents of one tube in the mouth every 6 hours, up to 3 times a day. Children under 2 years of age Ask a doctor.

Warning
Ask a doctor before use in children under 2 years of age. Stop use and ask a doctor if symptoms persist for more than 3 days or worsen. If pregnant or breast-feeding, ask a health professional before use. Keep out of reach of children. Other information Do not use if glued carton end flaps are open or if the tray seal is broken Each 0.04 oz dose (1 g) contains 1 g of sugar Store at 68-77°F (20-25ºC)

Other Ingredients
Drug Facts Active ingredient** Purpose Anas barbariae 200CK HPUS To reduce the duration and severity of flu-like symptoms The letters HPUS indicate that this ingredient is officially included in the Homeopathic Pharmacopoeia of the United States. Inactive ingredients lactose, sucrose **C, K, CK, and X are homeopathic dilutions",1322.48,Medicine Cabinet,4.8,4800,"https://cloudinary.images-iherb.com/image/upload/f_auto,q_auto:eco/images/boi/boi99851/g/49.jpg",https://in.iherb.com/pr/boiron-oscillococcinum-flu-like-symptoms-6-doses-0-04-oz-each/3560
11140,"Stevita Naturals, All Natural Flavored Stevia Crystals, Strawberry, 10 Stick Packs, .2 oz (6 g) Each (Discontinued Item)",,,Strawberry Flavored Stevia Crystals | Add One Stick to 16 oz Water | Stevia Dietary Supplement,"• Strawberry Flavored Stevia Crystals
• Add One Stick to 16 oz Water
• Stevia Dietary Supplement

Recognized as #1 in Stevia quality

Stevia...the original and authentic stevia

All Natural Flavored Stevia Crystals

Suggested use
Dissolve one pack in 16 oz of water

Other Ingredients
Xylitol (from the bark of the birch tree), natural flavors, ascorbic acid, tartaric acid, fumaric acid, citric acid, natural colors No sugars No artificial ingredients No trans fat No allergens No soy No gluten No calories",511.8,,4.8,6,"https://cloudinary.images-iherb.com/image/upload/f_auto,q_auto:eco/images/ste/ste00209/g/1.jpg",https://in.iherb.com/pr/stevita-naturals-all-natural-flavored-stevia-crystals-strawberry-10-stick-packs-2-oz-6-g-each-discontinued-item/11140
104062,"Codeage, Multi Collagen Peptides Powder, Unflavored, 20 oz (567 g)","Bone, Joint & Cartilage","Categories > Supplements > Bone, Joint & Cartilage > Collagen Supplements","5 Types I, II, III, V, X | 18 Amino Acids | Beyond Vitamins ® | 5 Types Collagen | Pasture Raised | Grass-Fed | Non GMO | Soy Free | Dairy Free | Gluten Free | cGMP Certified Manufacturing | Feel Different","• 5 Types I, II, III, V, X
• 18 Amino Acids
• Beyond Vitamins ®
• 5 Types Collagen
• Pasture Raised
• Grass-Fed
• Non GMO
• Soy Free
• Dairy Free
• Gluten Free
• cGMP Certified Manufacturing
• Feel Different

Enhance your daily routine with Codeage Multi Collagen Peptides Powder, featuring five types of collagen from different food sources and 18 amino acids. With zero carbs and a 20 oz. package designed to last two months, it’s a convenient and versatile addition to your wellness regimen.

All-in-one premium multi collagen supplement powder providing 5 collagen types (1, 2, 3, 5, and 10) from 5 high-quality food sources of collagen peptides - grass-fed hydrolyzed bovine collagen, organic chicken bone broth, organic beef bone broth, hydrolyzed wild-caught white fish, and eggshell collagens.

This top collagen powder is easy to incorporate into your daily routine; mix this hydrolyzed bovine collagen supplement once daily into smoothies, soups, coffees, teas, protein shakes, recipes, baked goods, or use it as a collagen coffee creamer.

Suggested use
Adults mix 1 scoop daily, or as recommended by your healthcare practitioner, with 8-12 ounces of water or your favorite beverage. Do not exceed the recommended dose.

Warning
Not a significant source of protein. Collagen protein does not count toward the FDA recommended Percent Daily Value for protein because it lacks one essential amino acid: tryptophan. If you are pregnant, nursing, allergic, have a medical condition, or are taking any medications, consult a doctor before using this or any other dietary supplement. Notice: Use this product as a food supplement only. Do not use for weight reduction. Color and odor may vary from lot to lot. Packaged by weight, not volume. Settling may occur. Store in a cool, dry place. Do not use if product has been opened or tampered with in any way. Keep out of reach of children and pets.

Other Ingredients
Contains: Fish (cod, snapper), egg. Allergen warning: Fish (cod, snapper), egg. Made in the USA with globally sourced ingredients.",3565.63,"Bone, Joint & Cartilage",4.8,4683,"https://cloudinary.images-iherb.com/image/upload/f_auto,q_auto:eco/images/age/age00802/g/57.jpg",https://in.iherb.com/pr/codeage-multi-collagen-peptides-powder-unflavored-20-oz-567-g/104062
75241,"Sports Research, Marine Collagen, Unflavored, 12 oz (340 g)","Bone, Joint & Cartilage","Categories > Supplements > Bone, Joint & Cartilage > Collagen Supplements","10 g Collagen Per Serving | Supports Healthy Hair, Skin & Nails | Gluten-Free | Hydrolyzed Type I & III ♢ | Dietary Supplement | Great in Coffee & Shakes | Hydrolyzed for Easy Absorption | Dairy Free | Informed Choice - We Test You Trust | Igen Non-GMO Tested | Third Party Tested | cGMP Compliant","• 10 g Collagen Per Serving
• Supports Healthy Hair, Skin & Nails
• Gluten-Free
• Hydrolyzed Type I & III ♢
• Dietary Supplement
• Great in Coffee & Shakes
• Hydrolyzed for Easy Absorption
• Dairy Free
• Informed Choice - We Test You Trust
• Igen Non-GMO Tested
• Third Party Tested
• cGMP Compliant

Just one scoop of our Marine Collagen Peptides contains 10 grams of low molecular weight Types I & III collagen peptides with 18 amino acids including glycine, proline, and hydroxyproline, and 9 grams of protein in only 35 calories per serving.

Sports Research® Marine Collagen can help to improve the look and feel of your skin and nails by supplementing the body’s natural collagen production. So you can embrace your glowing, radiant self— from the inside out.

♢ Marine Collagen Peptides contains naturally occurring Type I & III Collagen (approximately 95% and ≤5%, respectively).

Suggested use
Adults combine 1 scoop into your favorite beverage or meal once daily and mix thoroughly, or as recommended by a qualified healthcare professional. Helpful Tip: Marine Collagen may clump in cold liquids. To enjoy cold, simply mix into room temperature liquid first and then add ice.

Warning
Notice: Use this product as a food supplement only. Do not use for weight reduction. Keep out of reach of children and pets. Consult with a qualified healthcare professional prior to using this product, especially if you are pregnant, nursing, have a diagnosed medical condition, or are taking a prescription medication. Do not exceed recommended daily intake. Do not use if safety seal is damaged or missing. Store at room temperature, in a dry place. Protect product from excessive heat, freezing, humidity and light. Note: 10 grams per scoop is an average. Individual scooping technique may yield slightly less or slightly more than 10 grams. This product is packaged and sold by weight, not by volume. Settling of contents occurs over time and cannot be avoided. Variations in aroma, color, taste and solubility may occur.

Other Ingredients
Hydrolyzed marine collagen peptides (from wild-caught fish). Contains: Fish (barramundi and/or red snapper). Wild caught fish sourced from Southeast Asia.",3914.9,"Bone, Joint & Cartilage",4.7,4350,"https://cloudinary.images-iherb.com/image/upload/f_auto,q_auto:eco/images/sre/sre01081/g/103.jpg",https://in.iherb.com/pr/sports-research-marine-collagen-unflavored-12-oz-340-g/75241
88693,"California Gold Nutrition, CollagenUP®, Hydrolyzed Marine Collagen Peptides with Hyaluronic Acid and Vitamin C, Unflavored, 10 Packets, 0.18 oz (5 g) Each","Bone, Joint & Cartilage","Categories > Supplements > Bone, Joint & Cartilage > Collagen Supplements",Easy to Use On-the-Go Single Serve Packets | Marine Sourced Collagen Peptides + Hyaluronic Acid + Vitamin C | Enzymatically Hydrolyzed Collagen Broken Down into Bioavailable Peptides,"• Easy to Use On-the-Go Single Serve Packets
• Marine Sourced Collagen Peptides + Hyaluronic Acid + Vitamin C
• Enzymatically Hydrolyzed Collagen Broken Down into Bioavailable Peptides

Collagen, hyaluronic acid, and vitamin C all contribute to the health and wellbeing of the musculoskeletal system. California Gold Nutrition® CollagenUP contains all three of these ingredients to help support healthy hair, skin, nails, joints, and bones.* The unflavored powder comes in single-serving packets to provide a convenient way for you to take them on the go and quickly mix with your favorite drink.

Suggested use
Mix 1 packet daily in 6-8 ounces of room temperature water or juice and mix well (for best results, mix in a blender bottle). Drink on an empty stomach at least 1 hour before or 2 hours after meals. Best when taken as directed by a qualified healthcare professional.

Warning
Keep out of reach of children. Consult with a licensed physician, pharmacist, naturopath or other qualified healthcare professional prior to taking dietary supplements. Sealed for your protection. Do not use if individually sealed packets are punctured or damaged. Store in a cool, dry place. Protect from heat, light, and moisture. Aroma, color, consistency and taste may vary. Color shift is normal and cannot be avoided.

Other Ingredients
Main Ingredients Vitamin C (as Calcium Ascorbate), Sodium, Hydrolyzed Marine Collagen Peptides, Hyaluronic Acid (as Sodium Hyaluronate) CONTAINS: Fish (One or more of the following: Barramundi, Atlantic and Channel Catfish, Cod, Haddock, Ling, Pangasius, Red Snapper, Salmon, Tilapia, Trout) Not manufactured with milk, eggs, crustacean shellfish, tree nuts, peanuts, wheat, soy, sesame, or gluten. Produced in an FDA-registered, third-party audited, and cGMP-compliant facility that may process other products that contain these allergens or ingredients.",1236.34,"Bone, Joint & Cartilage",4.6,2691,"https://cloudinary.images-iherb.com/image/upload/f_auto,q_auto:eco/images/cgn/cgn01344/g/103.jpg",https://in.iherb.com/pr/california-gold-nutrition-collagenup-hydrolyzed-marine-collagen-peptides-with-hyaluronic-acid-and-vitamin-c-unflavored-10-packets-0-18-oz-5-g-each/88693
133378,"Nature's Craft, Multi Collagen Complex, 120 Capsules","Bone, Joint & Cartilage","Categories > Supplements > Bone, Joint & Cartilage > Collagen Supplements","Types I, II, III, V, & X | Hair, Skin & Nails Support | Joint Support | With Biotin and Vitamin C | Sourced From a GMP Compliant Facility | 3rd Party Lab Verified | BioPerine®","• Types I, II, III, V, & X
• Hair, Skin & Nails Support
• Joint Support
• With Biotin and Vitamin C
• Sourced From a GMP Compliant Facility
• 3rd Party Lab Verified
• BioPerine®

Our biotin collagen peptides capsules are loaded with multi collagen peptides including marine collagen in addition to vitamin C biotin 5000 mcg and BioPerine for enhanced absorption.

Forget about typical collagen and biotin supplements and try our hydrolyzed collagen capsules packed with powerful hair and nail vitamins for enhanced length and strength.

Reap the benefits of biotin and grass fed collagen for beautiful hair skin and strong nails with full spectrum collagen with absorption enhancing black pepper extract.

Suggested use
As a dietary supplement, take three (3) capsules once a day. For maximum absorption, take on an empty stomach with an 8 oz glass of water, or as directed by your healthcare professional.

Warning
Do not exceed recommended dose. Pregnant or nursing mothers, children under the age of 18, and individuals with a known medical condition should consult a physician before using this or any dietary supplement. Keep out of the reach of children. Do not use if safety seal is damaged or missing. Store in a cool, dry place.

Other Ingredients
Gelatin (capsule), magnesium stearate, silicon dioxide, microcrystalline cellulose. Allergen: Contains egg and fish.",2287.21,"Bone, Joint & Cartilage",4.7,364,"https://cloudinary.images-iherb.com/image/upload/f_auto,q_auto:eco/images/nca/nca63967/g/8.jpg",https://in.iherb.com/pr/nature-s-craft-multi-collagen-complex-120-capsules/133378
24052,"Nature's Life, Marine Collagen, 60 Capsules","Bone, Joint & Cartilage","Categories > Supplements > Bone, Joint & Cartilage > Collagen Supplements",Sun Food Energy™ | Deep Skin Care™ Formula Plus Vitamin C | 2 Daily | Dietary Supplement,"• Sun Food Energy™
• Deep Skin Care™ Formula Plus Vitamin C
• 2 Daily
• Dietary Supplement

​ Marine Collagen from cold water fish plus Vitamin C is intended to provide nutritive support to help maintain healthy skin.

Suggested use
Take two (2) capsules daily with food.

Warning
Use only as directed. Keep out of reach of children. Not for use by persons under the age of 18. Consult a licensed health care practitioner before using this product, especially if you are pregnant or nursing. Store in a cool, dry place.

Other Ingredients
Vegetarian cellulose capsule, magnesium stearate and silica.",1118.18,"Bone, Joint & Cartilage",4.6,2538,"https://cloudinary.images-iherb.com/image/upload/f_auto,q_auto:eco/images/nli/nli90667/g/27.jpg",https://in.iherb.com/pr/nature-s-life-marine-collagen-60-capsules/24052
117095,"Sunwarrior, Shape, Slim Collagen Boost, Chocolate, 1.65 lb (750 g)","Bone, Joint & Cartilage","Categories > Supplements > Bone, Joint & Cartilage > Collagen Supplements",Plant Based | Beauty & Slimming Formula | Dietary Supplement | 0 g Added Sugars | Soy Free | Gluten Free | Dairy Free | Synthetic Free | 100% Vegan | Kosher | Astragalus membranaceus | Panax notoginseng | 90 Calories | 4g Net Carb ‡ | Stimulant-free | May Decrease Fat Cell Formation | May Support Healthy Blood Glucose Levels 1 | 12g of Protein | Saffron Extract Promotes Feelings of Satiety' | Prebiotic Fiber | Reduced Sugar Cravings | Hyaluronic Acid | Vitamin C | Biotin | Tremella | Mushroom,"• Plant Based
• Beauty & Slimming Formula
• Dietary Supplement
• 0 g Added Sugars
• Soy Free
• Gluten Free
• Dairy Free
• Synthetic Free
• 100% Vegan
• Kosher
• Astragalus membranaceus
• Panax notoginseng
• 90 Calories
• 4g Net Carb ‡
• Stimulant-free
• May Decrease Fat Cell Formation
• May Support Healthy Blood Glucose Levels 1
• 12g of Protein
• Saffron Extract Promotes Feelings of Satiety'
• Prebiotic Fiber
• Reduced Sugar Cravings
• Hyaluronic Acid
• Vitamin C
• Biotin
• Tremella
• Mushroom

To be the shape and weight you love best: clinically studied, safe, sustainable weight management is here! Promote overall vitality, and build collagen the way nature intended!

Weight Management Support

Skin & Beauty Support

Shine out loud as you strengthen your cells from the inside out and build your body's inherent collagen production with potent, clean, quality, plant-based ingredients. Collagen Builder and weight management are working together to help you be the shape you love best!

Our mission to guide individuals on their path to light, energy, & Love inspires everything we do. From sourcing the finest ingredients to recycled & recyclable packaging.

‡Net carb is calculated by subtracting dietary fiber from total carbohydrate.

1 May help maintain blood sugar levels already within the normal range.

Suggested use
Mix, shake, or blend 1 scoop with 10-12 oz of your favorite beverage. Refrigerate and use prepared product same day.

Warning
Keep package out of direct light and away from heat. Consult your physician before beginning a dietary regimen containing this product. Keep out of the reach of children. If you are nursing, pregnant, or considering pregnancy, consult your healthcare professional prior to using this product. Amount inside is measured by weight, not volume. Color texture, flavor, and other traits may vary. Not a low calorie food.

Other Ingredients
Organic natural flavor, organic dutch cocoa powder, organic oat powder, sea salt, organic stevia leaf extract (steviol glycosides). Allergen Notice: This product is manufactured in a facility that may also manufacture products containing peanuts or tree nuts. Manufactured in the United States from US and imported ingredients.",4860.25,"Bone, Joint & Cartilage",4.7,122,"https://cloudinary.images-iherb.com/image/upload/f_auto,q_auto:eco/images/suw/suw92023/g/24.jpg",https://in.iherb.com/pr/sunwarrior-shape-slim-collagen-boost-chocolate-1-65-lb-750-g/117095
122325,"Swanson, Gelatin & Silicon, 200 Capsules","Hair, Skin & Nails","Categories > Supplements > Hair, Skin & Nails > Gelatin","Hair and Nail Health | Collagen Source | Nourishment for Beautiful Hair and Nails | Gelatin Contains Collagen Proteins That Promote Healthy, Manageable Hair | Silicon is the Most Important Mineral Constituent of Hair and Nail Tissues","• Hair and Nail Health
• Collagen Source
• Nourishment for Beautiful Hair and Nails
• Gelatin Contains Collagen Proteins That Promote Healthy, Manageable Hair
• Silicon is the Most Important Mineral Constituent of Hair and Nail Tissues

We all want to look our best, and good nutrition can play an important role in helping us realize our full potential. Like Swanson Gelatin & Silicon capsules. They deliver vital nourishment to maintain thick, lustrous hair and strong, durable nails--two of the most fundamental aspects of good grooming. The collagen proteins found in gelatin serve as the base material for healthy, manageable hair and for other tissues like those of the toenails and fingernails. Replenishing these vital proteins is essential for restoring luster and strength. Silicon is the most important mineral constituent of hair and nail tissues, making it a vital component of any nutritional regimen for beauty maintenance. Our Gelatin & Silicon capsules deliver a healthy supply of both of these beautifying nutrients to help you look your best every day. Make them part of your daily routine and see the difference good nutrition can make.

Suggested use
As a dietary supplement, take two capsules one to three times per day with water.

Warning
For adults only. Consult your healthcare provider before using this or any product if you are pregnant or nursing, taking medication or have a medical condition. Keep out of reach of children. Do not use if seal is broken. Store in a cool, dry place.

Other Ingredients
Gelatin (capsule), microcrystalline cellulose (plant fiber), magnesium stearate. Contains soy. Contains a bioengineered food ingredient.",1654.87,"Hair, Skin & Nails",4.7,124,"https://cloudinary.images-iherb.com/image/upload/f_auto,q_auto:eco/images/swv/swv01984/g/24.jpg",https://in.iherb.com/pr/swanson-gelatin-silicon-200-capsules/122325
71356,"Vital Proteins, Collagen Peptides, Unflavored, 20 oz (567 g)","Bone, Joint & Cartilage","Categories > Supplements > Bone, Joint & Cartilage > Collagen Supplements","20 g Collagen Peptides Per Serving | Skin, Hair, Nail + Joint Support ∧ | Grass Fed + Pasture Raised | Dietary Supplement | Kosher | NSF Certified Sport | Igen™ Non-GMO Tested | 0 g Sugar per Serving | Non-GMO Tested | Made without Dairy & Gluten | No Artificial Sweeteners, Colors or Flavors","• 20 g Collagen Peptides Per Serving
• Skin, Hair, Nail + Joint Support ∧
• Grass Fed + Pasture Raised
• Dietary Supplement
• Kosher
• NSF Certified Sport
• Igen™ Non-GMO Tested
• 0 g Sugar per Serving
• Non-GMO Tested
• Made without Dairy & Gluten
• No Artificial Sweeteners, Colors or Flavors

Look, Feel & Move Your Best^

Hello. This is our unflavored collagen peptides. One simple ingredient with lots of benefits - support for supple skin, healthy hair, nails, and joints.^ Just mix it with your daily coffee, tea, smoothie or whatever you're into. And yes, our packaging is a little different. It's part of our commitment to be a more responsible company.

∧ Results may vary. Various studies have suggested benefits following daily consumption of collagen peptides for several months.

Suggested use
Use a total of 4 level tbsp either all at once, or throughout the day. Mix thoroughly with your favorite food or beverage.

Warning
Use this product as a food supplement only. Do not use for weight reduction. Collagen is not a complete protein. Do not use to replace dietary protein.† If you are pregnant, nursing or have a medical condition, consult your physician before use. Storage Information: Store in a cool, dry place Do not use if safety seal is broken. Contents sold by weight not volume. Settling will occur. †Collagen peptides are an incomplete protein because they do not provide all the essential amino acids your body needs. Use supplement a balanced diet.

Other Ingredients
This product is manufactured in a facility that processes milk, fish and tree nuts. This product does not contain common GE genes or proteins.","4,928.22","Bone, Joint & Cartilage",4.7,54198,"https://cloudinary.images-iherb.com/image/upload/f_auto,q_auto:eco/images/vtp/vtp00508/g/105.jpg",https://in.iherb.com/pr/vital-proteins-collagen-peptides-unflavored-20-oz-567-g/71356
64903,"California Gold Nutrition, CollagenUP®, Hydrolyzed Marine Collagen Peptides with Hyaluronic Acid and Vitamin C, Unflavored, 7.26 oz (206 g)","Bone, Joint & Cartilage","Categories > Supplements > Bone, Joint & Cartilage > Collagen Supplements","California Gold Nutrition CollagenUP, 7.26 oz (206 g) | Marine Sourced Collagen Peptides + Hyaluronic Acid + Vitamin C | Featuring Unflavored, Non-Bovine, Hydrolyzed Fish Collagen | With Non-Animal Source Hyaluronic Acid and Vitamin C | Support for Healthy Hair, Skin, Nails, Joints and Bones* | Enzymatically Hydrolyzed Collagen Broken Down into Bioavailable Peptides | Formulated without Gluten, GMOs, or Soy | Produced in a 3rd Party Audited cGMP Registered (Certified) Facility | 100% Gold Guarantee | Now in a Resealable Pouch for Easier Storage | Type I : This type of collagen makes up 80 to 90% of your body’s total collagen. Because it is densely packed, type I collagen provides structure to skin, bones, tendons, and ligaments. | Type II : Found in elastic cartilage, such as knees and shoulders, this type of collagen provides support for joints. | Type III : This type of collagen is commonly present with Type I and is found in muscles, arteries, and organs. | Type IV : Found in the layers of your skin, type IV collagen helps support various functions of the skin. | Type V : This type of collagen is found in the cornea of your eyes, bones, some layers of skin, hair, and tissue of the placenta.","• California Gold Nutrition CollagenUP, 7.26 oz (206 g)
• Marine Sourced Collagen Peptides + Hyaluronic Acid + Vitamin C
• Featuring Unflavored, Non-Bovine, Hydrolyzed Fish Collagen
• With Non-Animal Source Hyaluronic Acid and Vitamin C
• Support for Healthy Hair, Skin, Nails, Joints and Bones*
• Enzymatically Hydrolyzed Collagen Broken Down into Bioavailable Peptides
• Formulated without Gluten, GMOs, or Soy
• Produced in a 3rd Party Audited cGMP Registered (Certified) Facility
• 100% Gold Guarantee
• Now in a Resealable Pouch for Easier Storage
• Type I : This type of collagen makes up 80 to 90% of your body’s total collagen. Because it is densely packed, type I collagen provides structure to skin, bones, tendons, and ligaments.
• Type II : Found in elastic cartilage, such as knees and shoulders, this type of collagen provides support for joints.
• Type III : This type of collagen is commonly present with Type I and is found in muscles, arteries, and organs.
• Type IV : Found in the layers of your skin, type IV collagen helps support various functions of the skin.
• Type V : This type of collagen is found in the cornea of your eyes, bones, some layers of skin, hair, and tissue of the placenta.

Collagen, hyaluronic acid, and vitamin C all contribute to the health and wellbeing of the musculoskeletal system. California Gold Nutrition CollagenUP contains all three of these ingredients to help support healthy hair, skin, nails, joints, and bones.* The unflavored powder can be quickly added to your favorite drink, providing a convenient way to add collagen to your diet.

Types of Collagen Collagen is the primary structural protein found throughout the body and provides crucial infrastructure, both inside and out. There are many types of collagen that differ by how the molecules are assembled and where the collagen is used in your body. Our CollagenUP powder contains both type I and type III collagen, which are 2 of the 5 main types of collagen:

Plus Hyaluronic Acid and Vitamin C Our advanced collagen formula also includes two additional powerhouse ingredients – hyaluronic acid and vitamin C. Hyaluronic acid is a component of connective tissue and can provide the fluid matrix for joint lubrication, skin hydration, and repair.* Vitamin C plays a role in the production of collagen and assists in antioxidant protection.* Research suggests that regular consumption of these nutrients can provide the body with the fundamental building blocks that can help to support the health of joints, bones, skin, hair, and nails.*

California Gold Nutrition CollagenUP features non-bovine, marine-sourced collagen peptides with hyaluronic acid and vitamin C. The specially processed fish collagen is enzymatically hydrolyzed (broken down) into low molecular weight component amino acid peptides in order to help ensure optimal absorption and bioavailability.*

Typical Amino Acids Profile (mg) Per Serving^

^May vary slightly from batch to batch

*Essential Amino Acids

Third-Party Tested Our products undergo quality testing where they are evaluated by an independent ISO-certified lab using scientifically-validated test methods to ensure authenticity, purity, and potency of ingredients. For added transparency, we make the results available to you in our iTested Verified Reports so you can see for yourself.

Check out the iTested Report for this product to see the analysis.

Suggested use
Mix 1 scoop daily in 6-8 ounces of room temperature water or juice and mix well (for best results, mix in a blender bottle). Drink on an empty stomach at least 1 hour before or 2 hours after meals. Best when taken as directed by a qualified healthcare professional. Note: 5 grams per scoop is an average. Individual scooping technique may yield slightly less than or slightly more than 5 grams.

Warning
Keep out of reach of children. Consult with a physician, pharmacist, naturopath or other qualified healthcare professional prior to taking dietary supplements. Sealed for your protection. Do not use if pouch is punctured or seal is missing or broken. Store in a cool, dry place. Protect from heat, light, and moisture. Aroma, color, consistency and taste may vary. Color shift is normal and cannot be avoided. THIS PRODUCT IS PACKAGED AND SOLD BY WEIGHT, NOT BY VOLUME. SETTLING OF CONTENTS OCCURS OVER TIME. CONTAINS A FOOD-GRADE MOISTURE ABSORBER TO MAINTAIN FRESHNESS. DO NOT EAT.

Other Ingredients
Main Ingredients Vitamin C (as Calcium Ascorbate), Sodium, Hydrolyzed Marine Collagen Peptides, Hyaluronic Acid (as Sodium Hyaluronate) Other Ingredients None Contains: Fish (One or more of the following: Barramundi, Atlantic and Channel Catfish, Cod, Haddock, Ling, Pangasius, Red Snapper, Salmon, Tilapia, Trout) Not manufactured with milk, eggs, crustacean shellfish, tree nuts, peanuts, wheat, soy, sesame, or gluten. Produced in an FDA-registered, third-party audited, and cGMP-compliant facility that may process other products that contain these allergens or ingredients.",1737.61,"Bone, Joint & Cartilage",4.7,293182,"https://cloudinary.images-iherb.com/image/upload/f_auto,q_auto:eco/images/cgn/cgn01033/g/247.jpg",https://in.iherb.com/pr/california-gold-nutrition-collagenup-hydrolyzed-marine-collagen-peptides-with-hyaluronic-acid-and-vitamin-c-unflavored-7-26-oz-206-g/64903