id,name,category,breadcrumbs,short_description,description,price,best_for,review_score,review_count,image_url,url,embedding,,,,,,,,,,,,
243702, Half Dome 2 Tent with Footprint,Tent,Camping and Hiking / Tents / Backpacking Tents,"An REI member–tested icon, the REI Co-op Half Dome 2-person tent keeps backpacking trips comfortable. Its thoughtful design, easy setup and protective rainfly are built on 45+ years of member input.","Location Image of color Stone Green
Features

    Extra-strong, shockcorded aluminum pole structure and full-coverage fly provide protection from rain, wind and sun
    Updated pole structure provides increased shoulder and head room around the perimeter; generous interior dimensions provide room to relax
    Setup is easy with color-coded poles, clear instructions and an updated hub design
    Our HubCheck™ technology features 4 small windows in the pole hub, allowing you to verify tent poles are fully seated and secured for the perfect setup
    2-person size fits up to 2 adults
    2 large, vertical, D-shape doors make entry and exit easy and help keep the interior dry; the doors can also be rolled up and secured
    Internal pockets and ample hang loops help organize the interior
    Mesh in upper portion of canopy improves ventilation and lets you watch the night sky
    Solid sidewalls have an increased height from previous version to provide more privacy, reduce drafts, and better protect against blowing dust and sand
    Updated fly material is more durable than the previous version; fly is also patterned to be closer to the ground for greater protection
    Fly can be rolled back for half coverage to maximize views and airflow—and it can be rolled down quickly if a storm blows in
    Fly zippers and venting port let you manage airflow and condensation; straight zipper on fly helps keep the tent dry when you enter
    2 vestibules give you plenty of gear storage outside the doors when the fly is on
    Nonfluorinated durable water repellent (DWR) on rainfly, floor and canopy helps moisture bead up on the surface
    Tent and fly are fully seam-sealed to ensure the interior stays dry
    Included top-loading storage bag makes it easy to put the tent away
    Included matching footprint helps protect the tent floor from wear and tear
    Footprint is made with 75-denier polyester taffeta with polyurethane coating and a nonfluorinated DWR that helps moisture bead up on the surface
    Package includes tent body, rainfly, footprint, guylines with tighteners, pole-repair tube, pole bag, 10 stakes, stake bag and storage bag
    Packaged weight includes all components, including the footprint
    Made with nylon mesh that is solution-dyed, which supports reduced water and energy use compared with a conventional dyeing process
    REI is Climate Neutral Certified; as we work to actively reduce our footprint, we measure annual carbon emissions and purchase an equivalent amount of verified carbon credits",299,"Camping, Backpacking",4.7,10,https://www.rei.com/media/09ae9844-d7cf-4450-8a5c-d49b58e3ac23?size=2000,https://www.rei.com/product/243702/rei-co-op-half-dome-2-tent-with-footprint,,,,,,,,,,,,,
245179, Radiant 20 Sleeping Bag,Sleeping Gear,Camping and Hiking/Sleeping Gear/Sleeping Bags/Backpacking Sleeping Bags,"Cool-weather backpacking? The REI Co-op Radiant 20 sleeping bag has zonal insulation to keep you warm, plus ample space for toss-and-turn comfort. Nine different sizes help you find the perfect fit.","Features

    Inclusive sizing lets you find your best fit based on body shape and sleeping preferences
    Semifitted shape provides the roomiest fit of our backpacking bags, with extra knee room to accommodate a variety of sleeping positions
    600-fill-power down provides excellent loft, lightweight warmth and compresses small
    Strategic zonal placement of synthetic insulation provides additional protection against tent wall dampness
    Nonfluorinated durable water repellent (DWR) finish on the shell and lining helps moisture bead up on the surface
    Contoured hood pattern fits more naturally to your head and accommodates most backpacking pillows
    Draft tube, draft color and face muffler keep warmth in and cold out
    Trapezoidal footbox provides foot comfort
    Zipper cover and internal antisnag strip combine for easy zipping
    Differentiated drawcords let you adjust hood and neck easily in the dark
    Interior stash pocket for storing small, quick-access items
    Includes a nylon stuff sack for packing and a roomy mesh bag for breathable storage
    Hand-wash or machine wash warm, gentle cycle in front-load washer only; do not bleach; rinse thoroughly; do not wring; air dry or tumble dry low; do not iron or dry clean
    This product contains RDS-certified down certified by Bureau Veritas TE-00104632
    The purchase of Responsible Down Standard (RDS) certified products demonstrates demand for animal welfare practices in the down and feather supply chain
    Contains materials that meet the bluesign® criteria
    REI is Climate Neutral Certified; as we work to actively reduce our footprint, we measure annual carbon emissions and purchase an equivalent amount of verified carbon credits

Imported.
Temperature ratings are intended as a guideline to help you compare products, rather than a guarantee of warmth, since many different factors contribute to your comfort while you sleep. Our backpacking bags are rated for temperature according to an independent testing protocol: International Organization for Standardization (ISO) 23537. Testing is based on a person wearing one base layer and a pair of socks, sleeping on an insulated surface with a minimum R-value of 5.38.

Each bag then gets 2 ratings: the Comfort rating is the lowest temperature at which the bag will keep the average ""cold sleeper"" comfortable, and the Lower Limit rating is the lowest temperature at which the bag will keep the average ""warm sleeper"" comfortable. For REI Co-op brand nongendered sleeping bags, we provide an overall temperature rating that falls between the Comfort and Lower Limit ratings.",199,"Camping, Backpacking",4.7,10,https://www.rei.com/media/e869f452-fda8-41a2-9451-9f876f1c379c?size=2000,https://www.rei.com/product/245179/rei-co-op-radiant-20-sleeping-bag,,,,,,,,,,,,,
201301, Atmos AG 50 Pack - Men's,Backpacks,Camping and Hiking/Hiking Backpacks/Backpacking Packs,"How much weight did you really pack? You might forget with the men's Osprey Atmos AG 50 pack. Built for weekend trips, it delivers comfort and ventilation with 3D-suspended mesh.","Features

    Fabric is made with 100% recycled materials
    PFC/PFAS-free durable water repellent (DWR) finish helps moisture bead up on the surface
    AntiGravity suspension delivers an incredible fit that seamlessly envelops your back and hips in 3D-suspended mesh
    Adjustable shoulder harness, straps and hipbelt let you get the perfect fit
    Stow-on-the-Go trekking pole attachment lets you quickly stow your poles whenever you need your hands free; sternum strap features an integrated safety whistle
    Internal hydration sleeve with center-back hose exit port stores your water reservoir (reservoir not included)
    Removable internal sleeping bag divider helps you organize your pack
    Floating top lid with lash points can be removed
    2 tall, dual-access stretch-mesh side pockets let you quickly grab your water bottles
    Dual upper and lower side compression straps tighten your load to keep it close to your body and cinch up extra volume
    Removable straps on the bottom of the pack let you attach an oversize sleeping pad (sleeping pad not included)
    Dual ice axe loops with upper compression strap capture
    Included raincover is made with PFC/PFAS-free DWR and bluesign®-approved materials",315,"Camping, Backpacking",4.6,35,https://www.rei.com/media/f0c2dba1-486b-4cae-b140-345b0a5a2519?size=2000,https://www.rei.com/product/201301/osprey-atmos-ag-50-pack-mens,,,,,,,,,,,,,
247699,Flash 1.0 L Fast Boil System,Camp Kitchen,Camping and Hiking / Tents / Backpacking Tents,"With turn-and-click ignition and a color-changing heat indicator, the Jetboil Flash 1.0 L Fast Boil cooking system is easier to use than ever. Boil 2 cups of water in 120 sec. for coffee or hot meals.","Boil 0.5 liter of water in a lightning-fast 120 seconds to enjoy your morning cup of coffee or dehydrated meal with less waiting
1-liter FluxRing cooking cup with insulating cozy makes boiling water—and keeping it hot—a breeze
By increasing the surface area of the bottom of the cup, FluxRing technology allows Flash to heat with extremely high efficiency and consume less fuel
Start heating instantly with the turn-and-click igniter, just like your home stove
Verify that the water's ready with the thermochromatic heat indicator
Improved pot-to-burner connection with 3 locking points and visual indicators
Colorful grip zone provides easy and intuitive handling
Bottom cover doubles as a measuring cup and bowl so you can pack less and still enjoy great meals on the trail
All Flash components—and a 100 g fuel canister (not included)—pack neatly into the cooking cup, saving pack space and keeping your gear organized
Compatible with the Jetboil Silicone Coffee Press, Hanging Kit 2.0 and Pot Support 2.0 (accessories not included)
Pot Support 2.0 (not included) allows additional cookware to be used, like the Summit Skillet and 1.5 L Ceramic Cook Pot (additional cookware not included)
Fuel not included",97.39,"Camping, Backpacking",4.9,19,https://www.rei.com/media/9686371a-4647-401e-b2ea-c14b4f492042?size=2000,https://www.rei.com/product/247699/jetboil-flash-10-l-fast-boil-system,,,,,,,,,,,,,
242609,Xcursion 1-Burner Butane Grill,Camp Kitchen,Camping and Hiking/Camp Kitchen/Stoves and Grills/Camp Grills and Fire Pits/Gas Grills,"Five-star outdoor meals, 1 mighty burner. The Coleman Xcursion 1-burner butane grill brings the heat without extra weight. It's great for pregaming at the stadium or cooking at the campground.","Single adjustable burner lets you precisely control 7,650 BTUs of heat so you can dial in the right temperature for any meal
Ceramic-coated cast-aluminum surface offers 177 sq. in. of cooking space
Nonstick grill and Easy Grip 25 oz. grease tray are both removable for quick, easy cleanup
Instastart™ ignition for automatic, matchless lighting
Over 1 hr. of burn time on high on one 8.8 oz. butane gas cylinder (fuel not included)
Internal fuel compartment includes auto safety shutoff and ejection device
Nonslip adjustable feet provide a stable base for easy stirring on uneven surfaces
Lightweight and compact; included carry case makes it easy to bring along to the campsite, tailgate parties, picnics and more
Fuel not included",150,Camping,0,0,https://www.rei.com/media/5595fe2a-3ff1-4e3e-ac1b-cee6ff6efe8f?size=2000,https://www.rei.com/product/242609/coleman-xcursion-1-burner-butane-grill,,,,,,,,,,,,,
220789,Wide-Mouth Vacuum Water Bottle with Flex Straw Cap - 32 fl. oz.,Camp Hydration,Camping and Hiking/Camp Hydration/Water Bottles,Stay refreshed and hydrated wherever you wander with a 32 fl. oz. Hydro Flask Wide-Mouth insulated water bottle equipped with a leakproof Flex Straw cap and 24-hour insulation.,"TempShield® double-wall vacuum insulation keeps beverages cold up to 24 hrs. (or hot for up to 12 hrs., though the Flex Straw Cap is not intended for use with hot liquids)
    Flex Straw Cap makes it is easy to sip on the move and is leakproof when closed for worry-free transport
    Durable 18/8 pro-grade stainless-steel construction ensures pure taste and no flavor transfer
    Color Last™ powder coat is dishwasher safe to maintain a nonslip grip and lasting color
    BPA-free
    Fits most backcountry water filters
    Not designed for use on a stove, in a microwave or in a freezer
    Hydro Flask recommends keeping hot liquids out of the reach of children
    Note from Hydro Flask on patterned colorways: Due to the unique pattern, each bottle color and style may vary slightly

Imported.",44.95,"Camping, Multisport",4.4,1826,https://www.rei.com/media/78fa8347-44b4-4656-a0d2-00d1cf266872?size=2000,https://www.rei.com/product/220789/hydro-flask-wide-mouth-vacuum-water-bottle-with-flex-straw-cap-32-fl-oz,,,,,,,,,,,,,
127086,Rambler Tumbler with MagSlider Lid - 20 fl. oz.,Camp Hydration,Camping and Hiking/Camp Hydration/Tumblers,"Now with a splashproof and spill-resistant YETI MagSlider™ lid that's easy to clean, the 20 fl. oz. YETI Rambler Tumbler keeps your beverage hot or cold for your sipping pleasure.","MagSlider lid uses magnets for smooth opening and closing, and has a crystal-clear lid so you can always see if you're in need of a top off; magnet pops off for easy cleaning
    Rambler Tumbler keeps ice frozen twice as long as a plastic tumbler, and it works just as well for hot beverages
    Made with high-quality 18/8 stainless steel with a DuraCoat® finish, and uses double-wall vacuum insulation to keep your drinks hot or cold for hours to come
    DuraCoat color won't fade, crack or peel, and is food-safe
    Shatterproof, BPA-free and dishwasher-safe
    Tapered design fits in most car cup holders",35,"Camping, Camping

Casual",4.7,49855,https://www.rei.com/media/51cb0e1d-d332-45bd-9d96-b462fc6a6f9b?size=2000,https://www.rei.com/product/127086/yeti-rambler-tumbler-with-magslider-lid-20-fl-oz,,,,,,,,,,,,,
174101, Trailhead Camp Chair,Camp Furniture,Camping and Hiking/Camp Furniture/Camp Chairs,"Designed for durability and amazing comfort, the YETI Trailhead Camp Chair has hands-free portability and a lightweight folding frame that make it easy to pack up, carry and load in your vehicle.","Supportive, UV-rated FlexGrid™ fabric is comfortable when you're taking a load off
PackAway frame with Lockdown™ comfort and Groundgrip™ feet
Adjustable cup holder
Comes with a handy carry bag",300,Camping,4.7,819,https://www.rei.com/media/6bbbfeba-eb34-44d3-98ed-17883e983183?size=2000,https://www.rei.com/product/174101/yeti-trailhead-camp-chair,,,,,,,,,,,,,
229078,Campwell Folding Cot,Camp Furniture,Camping and Hiking/Camp Furniture/Cots,"Enjoy a good night's sleep under the stars on the REI Co-op Campwell folding cot. This update to a camp classic has swiveling feet, recycled fabric and a nonfluorinated durable water repellent (DWR).","Steel frame and recycled ripstop polyester fabric are light yet strong
Top fabric has a nonfluorinated DWR to help moisture bead up on the surface
Wide, swiveling feet distribute weight to help protect tent floors
Cord loops on the sides match up with our Campwell sleeping pad (not included) for an anti-slip sleep experience
Maximum weight capacity of 300 lbs.; bed height is 18 in.
Fits into a compact, tube-shaped carry bag for ease of storage and transport
Contains materials that meet the bluesign® criteria
REI is Climate Neutral Certified; as we work to actively reduce our footprint, we measure annual carbon emissions and purchase an equivalent amount of verified carbon credits",99.95,Camping,4.3,55,https://www.rei.com/media/1df33adf-6c4b-4659-94e1-fce68d89b937?size=2000,https://www.rei.com/product/229078/rei-co-op-campwell-folding-cot,,,,,,,,,,,,,
159147,Trail Hound 30 ft. Camping Light,Lighting,Camping and Hiking/Camp Lighting/Lanterns/Electric Lanterns,"Providing long, bright, energy-efficient mood lighting for the great outdoors, the dimmable REVEL GEAR Trail Hound 30 ft. camping light is a go-to choice for making memories under the stars.","Beautifully illuminate your basecamp with 100 high-efficiency LEDs on a 30 ft. strand
Plug into any USB outlet or battery and experience the night without a headlamp (power source not included)
350 lumens of adjustable light with 8 brightness settings allow for energy conservation and versatility
6 different modes, including: solid light, fade in/out, strobe, flash and a fire-crackle setting
Low power draw (less than 1–5W) for energy efficiency
Compatible with any 5V USB power source
Light, packable design weighs only 1.6 oz. and fits in your pocket
IP65 rated to withstand rain and dust
REVEL GEAR supports renewable energy and lighting projects for those in need",24.95,Camping,3.5,239,https://www.rei.com/media/0d9b3e56-8005-4d4d-aeac-63f997c0dd62?size=2000,https://www.rei.com/product/159147/revel-gear-trail-hound-30-ft-camping-light,,,,,,,,,,,,,
232530, Solar String Area Light with Phone Charger,Lighting,Camping and Hiking/Camp Lighting/Lanterns/Electric Lanterns,"Add after-dark ambience to any atmosphere with the LuminAID Solar String Area Light. The soft white lights are great for backyards or campsites—plus, the solar-charged battery can juice up your phone.","32 ft. string light with 100 soft, warm white LED bulbs
Lights feature a high, medium, low, candle flicker and flashing red light modes
Glow-in-the-dark light cover
Bottom side of base also provides a cool white area light
2000 mAh battery is capable of charging phones on the go via the 5V USB output port
Battery recharges via solar power in 20 hrs. of sunlight or by USB input in 3 hrs.",54.95,"Camping, Casual",4.8,26,https://www.rei.com/media/806dad12-be78-49c6-bdcd-aa3c21e5b812?size=2000,https://www.rei.com/product/232530/luminaid-solar-string-area-light-with-phone-charger,,,,,,,,,,,,,
203791, Zoom Tube 8 x 32 Monocular Telescope,Gadgets and Gears,Camping and Hiking/Gadgets/Binoculars and Optics/Monoculars,"Ultracompact, weather-resistant and ready for any journey, the Nocs Provisions Zoom Tube 8 x 32 monocular telescope brings nature closer with its wide field of view and fully multicoated optics.","Form-optimized, fully multicoated lens array and BaK4 prism deliver optical clarity and brightness
Ultracompact design fits in your hand or pocket and tips the scales at a mere 8.5 oz. (241 g)
High-impact rubber housing protects the glass, while rugged, weather-resistant engineering withstands light rain and splashing (rated IPX4)
Twist-up eyecups and adjustable eye relief provide for use by eyeglass wearers
With a 1/4 in. 20-threaded tripod adapter engineered into the frame, the Zoom Tube can be mounted on a tripod for steady viewing
Threaded objective lens attachment lets you connect the Nocs Provisions Inspector microscope (not included), a 4x zoom multiplier that lets you see beyond what meets the eye
Designed to make snapping a photo with your smartphone easy, the Zoom Tube acts like a 400 mm lens, letting you capture the detail of your surroundings with a true analog zoom
Includes Zoom Tube, drawstring pouch, wrist strap and lens cleaning cloth, all in plastic-free packaging
Manufacturer's ""No-Matter-What"" lifetime warranty encourages you to get out there
Nocs Provisions is a member of 1% for the Planet",75,"Camping, Wildlife Viewing camping",4.5,106,https://www.rei.com/media/8cccf1b8-0320-4bba-950c-8ba4a799a3ed?size=2000,https://www.rei.com/product/203791/nocs-provisions-zoom-tube-8-x-32-monocular-telescope,,,,,,,,,,,,,
246022,Nocs Provisions x Bird Collective Pro Issue 10 x 42 Binoculars,Gadgets and Gears,Camping and Hiking/Gadgets/Binoculars and Optics/Binoculars,"Limited-edition binoculars celebrating the new age of birding, the Nocs Provisions x Bird Collective Pro Issue 10 x 42 binoculars are the next best thing to having hawk eyes.","Featuring wide field of view (42 mm), the Pro Issue binoculars were designed for those who prioritize image size and quality over all else
Provide a 342 ft. field of view that is distortion-free across the field
While all Nocs Provisions binoculars have fully multicoated lenses, the Pro Issue extends these coatings to the prisms to maximize brightness and clarity from edge to edge
Multilayer phase-correction coatings applied to the prism surfaces ensure accurate image contrast and avoid unwanted interference effects
Every surface of every piece of glass inside has multiple coatings of broadband antireflective coating, which is key to providing a crisp and color-correct image
IPX7 rating means these binoculars are considered waterproof; they can withstand submersion in water up to 1 m deep for up to 30 min.
Nitrogen-sealed to prevent internal condensation
Binoculars feature a smooth central focus knob, easy-to-dial-in diopter adjustment and single hinge adjustment that fits all faces
Rugged nonslip grip keeps these binos protected and comfortable in hand, no matter what you (or Mother Nature) throw at them
Multistep, twist-up eyecups are designed to work for those who wear glasses as well as those who don't
With a close focus of less than 6 ft. (2 m), these binoculars fill the field with the closest details you see, whether it's a butterfly or a bee in a nearby tree
Also excellent for amateur astronomy
Designed for a refined feel that fits in your palm
Ergonomic, ribbed housing protects the binoculars
Binoculars come with a drawstring pouch, neck strap and lens cleaning cloth
Manufacturer offers a ""No-Matter-What"" lifetime warranty to encourage you to get out there",295,"Camping, Wildlife Viewing
Birding",0,0,https://www.rei.com/media/a5517f04-fe3e-4b88-b5f3-f37ed9fd66b2?size=2000,https://www.rei.com/product/246022/nocs-provisions-nocs-provisions-x-bird-collective-pro-issue-10-x-42-binoculars,,,,,,,,,,,,,
185196, Sahara Shade Hoodie - Men's,Hiking Clothing ,Men's Clothing/Men's Shirts/Men's Active Shirts/Men's Hiking Shirts,"This REI Co-op sun shirt is great for days spent on the trails or water. Its stretchy, technical knit wicks moisture and provides UPF 50+ sun protection. Pull up the hood for extra coverage.","UPF 50+ fabric shields against harmful UV rays
Supersoft stretch knit wicks away moisture and dries quickly to withstand multiple days on the trail
3-panel hood has an internal drawstring to seal out the elements and a crossover-style opening for sun coverage at the neck
Raglan sleeves for ease of movement
Thumbholes hold sleeves in place
Machine wash warm; do not bleach; tumble dry low
Product meets the bluesign criteria
REI is Climate Neutral Certified; as we work to actively reduce our footprint, we measure annual carbon emissions and purchase an equivalent amount of verified carbon credits",49.95,"camping, Watersports Hiking",4.6,699,https://www.rei.com/media/c6f28ef0-6894-4ca3-8ebf-9ac3164adec9?size=2000,https://www.rei.com/product/185196/rei-co-op-sahara-shade-hoodie-mens,,,,,,,,,,,,,
236065, Sahara Convertible Pants - Men's,Hiking Clothing ,Men's Clothing/Men's Pants/Men's Convertible Pants,"These REI convertible pants are ideal for long days and changing weather. Side zippers switch them into shorts while your shoes stay on. Plus, the breathable UPF 50+ fabric shields you from the sun.","Made with a recycled nylon/spandex blend that's lightweight, breathable and durable enough to handle hard-charging days on the trail and log-sitting nights around the campfire
Nonfluorinated durable water repellent (DWR) coating helps moisture bead up on the surface
UPF 50+ sun protection
Vertical zippers from bottom hem to mid-thigh allow for more ventilation and also let you remove pant legs without removing your shoes or boots
Pants zip into shorts with color-coded thigh zippers for easy reattachment
Elastic back waistband allows you to move freely and comfortably
Loaded with 6 pockets for essentials, including front hand pockets, back pockets and cargo pockets (1 zippered)
Reinforced cuff backs stand up to abrasion from hiking boots
Zipper fly with button closure
Convertible shorts inseam: 8 in. (28 IN Inseam sizes); 8.5 in. (30 IN Inseam sizes); 9 in. (32 IN Inseam sizes); 9.5 in. (34 IN Inseam sizes); 10 in. (36 IN Inseam sizes)
Machine wash cold; do not use bleach or fabric softeners; tumble dry low
Contains materials that meet the bluesign® criteria
REI is Climate Neutral Certified; as we work to actively reduce our footprint, we measure annual carbon emissions and purchase an equivalent amount of verified carbon credits",89.95,"Camping, Hiking",4.2,785,https://www.rei.com/media/84ccd05f-22b3-4c37-bc1f-e19084673403?size=2000,https://www.rei.com/product/236065/rei-co-op-sahara-convertible-pants-mens,,,,,,,,,,,,,
237610, Moab Speed 2 Mid GTX Hiking Boots - Men's,Hiking Footwear,Footwear/Men's Footwear/Men's Boots/Men's Hiking Boots/Men's Day Hiking Boots,"Comfort is king on the trail, and the men's Merrell Moab Speed 2 Mid GTX hiking boots deliver. This iteration is updated with 30% more foam underfoot as well as improved breathability and traction.","GORE-TEX waterproof membranes with exceptional breathability to keep your feet dry in inclement weather
Nylon ripstop and TPU uppers with padded collars
Protective synthetic heel and toe caps resist abrasion
Bellows tongues keep out debris
Dual heel and tongue loops for ease of entry and carabiner compatibility
100% recycled laces and webbing
100% recycled breathable mesh linings
Removable 5% recycled polyurethane footbeds
100% recycled mesh footbed covers
Cleansport NXT™ treated for natural odor control
Secure-fit heel counters and full-length rock plates underfoot for confidence on the trail in any conditions
Lightweight FlexPlate™ technology provides torsional rigidity with forefoot stability
FloatPro™ foam midsoles for lightweight comfort that lasts
Vibram® TC5+ outsoles provide exceptional traction for outdoor multisport activities; Vibram TC5+ rubber is specially formulated for Merrell
4 mm Vibram traction lugs are specifically designed to increase traction and shed debris with each step",180,"Camping, Hiking",4.7,217,https://www.rei.com/media/639e5514-abf5-4d94-986a-5a791cf9f20b?size=2000,https://www.rei.com/product/237610/merrell-moab-speed-2-mid-gtx-hiking-boots-mens,,,,,,,,,,,,,
236163, Renegade Evo GTX Mid Hiking Boots - Men's,Hiking Footwear,Footwear/Men's Footwear/Men's Boots/Men's Hiking Boots/Men's Day Hiking Boots,"Offering the comfort, fit, durability and performance of the original Renegade with strategic updates for added comfort, the men's Lowa Renegade Evo GTX Mid hiking boots are made for all-day hikes.","Heinen terracare® nubuck leather uppers
Revised upper design has fewer seams to reduce potential pressure and wear points
GORE-TEX waterproof/breathable membranes
MONOWRAP® support
Moderately stiff
Double-injection DuraPU®/DynaPU® midsoles
Updated midsole/outsole package has been revised for even better comfort and support underfoot",265,"Camping, Hiking",4,27,https://www.rei.com/media/7033f0f1-706e-4010-9fb4-52c6488d1f30?size=2000,https://www.rei.com/product/236163/lowa-renegade-evo-gtx-mid-hiking-boots-mens,,,,,,,,,,,,,
208257, inReach Mini 2,Health and Safety,Camping and Hiking/Camp Electronics/Satellite Communicators,"Add peace of mind to any adventure with this compact satellite communicator. Weighing a mere 3.5 oz., it lets you message, send an SOS and share your location. Pair with your phone for maps and more.","Stay in touch globally with 2-way communication, tracking and interactive SOS capabilities (active satellite subscription required)
In case of an emergency in the backcountry, trigger an interactive SOS to the 24/7 search and rescue monitoring center (active satellite subscription required)
Pairs with Garmin devices, such as wearables and handhelds, so you can use them to send and receive messages or trigger an SOS
TracBack® routing navigates you back to your starting point the same way you came—right on your device
You can also share your location with loved ones back home by using your MapShare™ page or with your coordinates embedded in your messages
Use the Garmin Explore™ app on a compatible smartphone to plan trips, access topographical maps, create waypoints and courses you can sync to your device and more
Cell service is not required to navigate on your phone using the paired app; maps are downloaded to your device for access anywhere, anytime
Digital compass delivers accurate heading information, even when you're not moving
Stay on adventures longer with up to 14 days battery life in full sky view, or up to 4 days in moderate tree cover for standard activity recording and 10-minute tracking mode
Battery life for 10-minute tracking and high-detail activity recording is 5 days in full sky view, or up to 2 days in moderate tree cover
30-minute tracking interval with standard activity recording extends battery life to 30 days in full sky view, or up to 10 days in moderate tree cover
Rugged, impact resistant and water-rated to IPX7—easily withstands rain, snow, splashes and incidental exposure to water of up to 1 meter for up to 30 min.
Includes USB-C charging cable, carabiner and owner's manual
Spine mount adaptor is not included",400,"Camping, Multisport Emergency Preparedness",4.4,1319,https://www.rei.com/media/186f6c7b-03e1-41f0-ba4b-06a63fe894ec?size=2000,https://www.rei.com/product/208257/garmin-inreach-mini-2,,,,,,,,,,,,,
730925, Organic Liquid Soap - Travel Size,Health and Safety,Camping and Hiking/Health and Safety/Camp Bathroom/Soap and Shampoo/Camping Soap,"Same great Dr. Bronner's organic soap! Now, in a compact size ideal for travel.","    Made of all-natural ingredients, this soap is ideal for camping, as it is gentle on the environment
    Gentle to delicate skin, this soap can be used for bathing, shaving, as shampoo and as mouthwash

Made in USA.
Leave No Trace: Even biodegradable soaps and cleansers shouldn’t be used in a natural water source. To wash yourself, your laundry or your dishes, carry water 200 feet away from streams or lakes and use small amounts of biodegradable soap (a little goes a long way). Then pour wastewater into a cat hole 6 to 8 inches deep.",3.85,Camping,4.9,1610,https://www.rei.com/media/e90f0e66-c227-4968-ab18-3599a2c1ec3b?size=2000,https://www.rei.com/product/730925/dr-bronners-organic-liquid-soap-travel-size,,,,,,,,,,,,,
847189, Camp Chair - Kids',Kids Camping Gear,Camping and Hiking/Camp Furniture/Camp Chairs,"Let your young ones enjoy a comfortable spot by the campfire just like you with this strong, sturdy and kid-friendly chair.","Camp Kids' chair is lightweight and portable so you can take it to the campsite, sporting event or backyard barbecue
Constructed of heavy-duty, thick-walled steel for enduring strength; powder coating keeps the steel frame looking nice for years of use
Includes a kid-friendly pocket for beverages and other small items on the right armrest
Integrated strap keeps the chair closed and doubles as a shoulder strap for simple transport
REI Camp Kids' chair packs down to 5 x 25 in. and weighs 4 lbs.
REI is Climate Neutral Certified; as we work to actively reduce our footprint, we measure annual carbon emissions and purchase an equivalent amount of verified carbon credits",27.93,Camping,4.7,80,https://www.rei.com/media/da4d7d96-348a-42bc-abb8-9cdca7eaebbb?size=2000,https://www.rei.com/product/847189/rei-co-op-camp-chair-kids,,,,,,,,,,,,,
205221, SPF 40 Kids' Mineral Sunscreen Cream - 2.9 fl. oz.,Kids Camping Gear,Camping and Hiking/Health and Safety/Sun Protection/Sunscreen,"Offering broad-spectrum mineral protection against UVA/UVB rays and up to 80 min. of water resistance, Badger SPF 40 Kid's Mineral sunscreen cream is perfect for long days of summer camp or swimming.","    9 simple ingredients and suitable for the most sensitive skin
    Broad-spectrum formula is water resistant for up to 80 min.
    Clear zinc oxide
    97% organic ingredients and lightly scented with organic tangerine and vanilla
    Moisturizing all-organic base of sunflower oil, jojoba and beeswax
    Hypoallergenic, gluten-free, and certified non-GMO
    Cruelty-free and made with solar power

Made in USA.
Active sunscreen ingredient: uncoated zinc oxide 22.5%. Inactive ingredients: organic sunflower oil, organic beeswax, organic orange oil, organic jojoba oil, organic tangerine oil, sunflower vitamin E, organic vanilla extract, organic seabuckthorn extract.",17.95,"Camping, Multisport",4.1,11,https://www.rei.com/media/994c81e1-2363-47f8-b04f-ca121d326bb4?size=2000,https://www.rei.com/product/205221/badger-spf-40-kids-mineral-sunscreen-cream-29-fl-oz,,,,,,,,,,,,,
242709,Evo TL V2 Air Tent,Tent,Camping and Hiking/Tents/Camping Tents,"Perfect for family camping trips, the Zempire Evo TL V2 Air tent inflates in under 2 minutes and has a multiroom design and spacious living area to ensure everyone has plenty of room to spread out.",,1300,Camping,4.9,38,https://www.rei.com/media/639cd6dd-6c7f-4398-9df4-6b7b821c5250?size=2000,https://www.rei.com/product/242709/zempire-evo-tl-v2-air-tent,,,,,,,,,,,,,
187510,Catena 30 Sleeping Bag,Sleeping Gear,Camping and Hiking/Sleeping Gear/Sleeping Bags/Camping Sleeping Bags,"Practical, affordable and just right for any casual or first-time camper, the Kelty Catena 30 sleeping bag meets all your basic camping needs with the warmth of cozy CloudLoft insulation.","Cozy CloudLoft synthetic insulation offers the warmth you need to rest comfortably through the night
Made with a durable yet lightweight 190-thread-count polyester taffeta shell; 50-denier 300-thread-count polyester liner offers a smooth, comfortable feel inside
Roomy rectangular shape—ideal for starfish sleepers—features an antisnag, anti-draft zipper to adjust your comfort levels inside
Can be fully unzipped for use as a blanket or zipped together with a second Catena (not included) for a double-wide snooze-athon
Includes a stuff sack for packing up quickly and easily before departing the campsite",49.95,Camping,4.2,82,https://www.rei.com/media/0bb60270-04aa-4226-840c-3a2d2003c066?size=2000,https://www.rei.com/product/187510/kelty-catena-30-sleeping-bag,,,,,,,,,,,,,
236975, Flash 55 Pack - Men's,Backpacks,Camping and Hiking/Hiking Backpacks/Backpacking Packs,"Loaded up for a week or stripped down for an overnighter, the lightweight REI Co-op Flash 55 men's pack keeps your load stable. Integrated suspension and an adjustable torso help you hike in comfort.","Recycled ripstop nylon shell fabric offers excellent durability in this lightweight pack that's built for the long haul
Nonfluorinated durable water repellent (DWR) helps moisture bead up on the surface
Adjustable torso provides a fine-tuned fit
3D contoured hipbelt and ventilated back panel are comfortable all day with loads up to 35 lbs.
Roll-top lid provides weather resistance and allows compression and adjustment of internal volume
Lid is also removable and forms a simple waist pack using top lid cinch straps—or it can also be left at home to reduce weight
For a tight load and good balance, included Packmod compression straps can be run from any loop to any other loop, so you can sculpt your pack to the shape of your load
Included Packmod pockets on the shoulder straps and hipbelt are great for your phone or snacks—or you can take them off altogether to reduce pack weight
Also compatible with Packmod Hipbelt Extender, Packmod Rainshield Pocket and Packmod Mesh Pocket (accessories not included)
Water bottle pockets are positioned forward on the hipbelt so you don't have to remove the pack to grab your drink; snap closures keep a good grip on slim water bottles
Internal sleeve can accommodate up to a 3-liter hydration reservoir (not included); tube can be routed over either shoulder
Exterior side pockets are great for storing light items that you want to keep handy
Large front pocket is great for a rain shell or other gear you may need to access quickly
Attachment loops and removable tool keeper allow trekking poles, ice axes and more to be lashed on, expanding your carrying ability while keeping the load stable
Daisy chain with multiple attachment points allows for tailoring exterior loads
Contains materials that meet the bluesign® criteria
REI is Climate Neutral Certified; as we work to actively reduce our footprint, we measure annual carbon emissions and purchase an equivalent amount of verified carbon credits",199,Backpacking,4.2,67,https://www.rei.com/media/b9bc0911-6280-4425-8285-b36a37b2ef4a?size=2000,https://www.rei.com/product/236975/rei-co-op-flash-55-pack-mens,,,,,,,,,,,,,
204931, Cascade 3-in-1 Camp Stove,Camp Kitchen,Camping and Hiking/Camp Kitchen/Stoves and Grills/Camp Stoves and Accessories/Camp Stoves,Making cooking in the elements easier with the Coleman Cascade 3-in-1 camp stove. Two guards shield the burners and flame from the wind—and grill and griddle accessories give you recipe options.,"Removable cast-iron pan support and aluminized steel cooktop are quick and easy to clean
Removable cast-iron grill and griddle accessories help you cook up a variety of food that hits the spot for the whole crew
Improved knob rotation allows precise temperature and simmer control of 2 adjustable burners; rotary ignition offers quick, matchless lighting
Burn time is up to 1 hr. on high on one 16 oz. propane cylinder (fuel not included)
Stove can fit a 12 in. pan and a 10 in. pan (pans not included)
2 wind guards help shield burners and flame from wind
24,000 total BTU of cooking power
Easy-to-transport design offers a secure space to store regulator and a heavy-duty latch to keep the stove closed while traveling
Recessed carry handle makes the stove easy to bring along on your adventures
Nylon carry case stores accessories
Fuel not included",164.99,Camping,4.5,165,https://www.rei.com/media/5a4bb7ea-4ede-491a-9681-e5fd8a76a031?size=2000,https://www.rei.com/product/204931/coleman-cascade-3-in-1-camp-stove,,,,,,,,,,,,,
210821, GO Hydration Water Jug - 11 Liters/2.9 Gal.,Camp Hydration,Camping and Hiking/Camp Hydration/Water Jugs,"Water is the primary essential you need on every adventure, even short ones. Make hydration top priority at your campsite, tailgate and beyond with this 11-liter Dometic GO Hydration water jug.","Perfect for camping, kids' sporting events, rehydrating after a long workout or filling your dog's bowl after a day navigating off road
Designed to be easy to lift and dispense, it has a flow reducer for easy pouring, webbing handles for carrying and built-in tie-down guides
Constructed from food-grade LDPE that's also BPA-free
Features 2 openings for easy filling, dispensing and cleaning
Volume-maximizing design has a small footprint, easily fitting into the wheel well of your car
Reach all the way inside of the jug to scrub out the insides between uses to ensure a clean water supply
Includes a spigot
A quick-connect CPC fitting makes attaching the Dometic GO Hydration water faucet (not included) and other accessories simple
63 mm opening for easy attachment of water filters (not included)",70,Camping,3.9,104,https://www.rei.com/media/568b309e-f9b5-47bb-8f55-c08404b5ca99?size=2000,https://www.rei.com/product/210821/dometic-go-hydration-water-jug-11-liters29-gal,,,,,,,,,,,,,
164193, Copper Spur HV UL2 Tent,Tent,Camping and Hiking/Tents/Backpacking Tents,"This 3-season, 2-person Big Agnes backpacking tent is freestanding and easy to set up. Made with light double ripstop nylon, it has a high-volume hub for interior space and 2 doors for easy living.","Awning-style vestibules expand covered living space, which is great for both drizzle and sun protection
3D bin at the foot provides off-the-floor storage; oversize ceiling pocket in the head; media pockets provide earbud cord-routing
Tent corner construction with TipLok Tent Buckle™ design streamlines and combines 3 functions: secure pole-tip capture, rainfly attachment and tensioner, and stake-out loop
TipLok buckles have a keyed hole to securely lock pole tip in place during setup; hinged design stabilizes structure by equalizing forces between tent body, rainfly and stake
Lightweight double ripstop nylon; mixed-denier fabric offers extra tear-strength and puncture-resistance without adding weight
2 doors and 2 vestibules with double zippers provide multiple access options, letting you minimize wind-driven rain or snow getting into the tent
Pre-bent span pole coupled with the high-volume angle hub increases strength and stability, helps shed rain and snow, and creates optimal livable space
Dual low-vent vestibule doors coupled with high-fly vents maximize options for both active and passive airflow, reducing condensation in all weather conditions
Dual-zipper doors with easy-grip zipper pulls are smooth-closing and allow for easy entry and exit; use only one zipper for quick, reach-through access
Quick Stash door keepers on tent body doors make stowing an unzipped door quick and easy
Hook-and-loop closure tabs connect fly to pole structure, providing perfect pitch and extra stability
Precut guylines and tensioners are attached to fly; reflective guylines and webbing on tent corners make them easy to see at night
All seams are taped with waterproof, solvent-free polyurethane tape (free of PVCs and VOCs); vestibule zippers protected with stormflap
Multiple interior loops make it easy to attach gear lofts, accessories and mtnGLO® tent and camp lights (not included)
Includes 8 Big Agnes Dirt Dagger UL stakes and 4 awning guylines
To extend the life of your tent floor, Big Agnes recommends using a matching footprint (not included); Fast Fly setup available with compatible footprint
Compatible with HV UL2 footprint models featuring TipLok Tent Buckles (not included)
The Copper Hotel HV UL2 Accessory Fly (not included) is interchangeable with the standard fly, convenient for those trips when you need the extra vestibule space",370.93,"Camping, Backpacking",4.1,138,https://www.rei.com/media/6341cfd5-14e1-48a7-8e8f-b25925ba6ec5?size=2000,https://www.rei.com/product/164193/big-agnes-copper-spur-hv-ul2-tent,,,,,,,,,,,,,
164366, Trail Hut 2 Tent with Footprint,Tent,Camping and Hiking/Tents/Backpacking Tents,"Your home on the trail, the 3-season REI Co-op Trail Hut 2 tent is a dome-shaped happy medium between comfort and cost with easy setup, some storage and a little extra room thanks to the ridge pole.","Freestanding dome architecture with equal-length poles and pole clips is easy to set up and familiar to experienced campers
Ridge pole supports door walls for increased living space
2 large ""D"" doors provide easy entry and exit for 2 people
2 large vestibules store gear out of the elements
Fly doors roll up over the roof for a clear sky view—plus improved venting and reduced condensation
Integrated door venting reduces weight and bulk
Fly doors can pitch out to create an awning cover
Internal pockets and gear loops for organizing essentials
Made with solution-dyed mesh to reduce water and energy use in manufacturing
Durable water repellent (DWR) and polyurethane coating on the floor and rainfly; seam-sealing on the floor and rainfly
Includes rainfly, footprint, stuff sack, 6 stakes, and guylines with tighteners
REI is Climate Neutral Certified; as we work to actively reduce our footprint, we measure annual carbon emissions and purchase an equivalent amount of verified carbon credits",229,"Camping, Backpacking",4.4,165,https://www.rei.com/media/56b03fff-1b1b-4bba-bb46-63429f9576d6?size=2000,https://www.rei.com/product/164366/rei-co-op-trail-hut-2-tent-with-footprint,,,,,,,,,,,,,
882198, Rapid Shelter - 10' x 10',Tent,Camping and Hiking/Tents/Shelters/Shade Shelters,"This heavy-duty shelter sets up easily and adjusts to 3 different peak heights to protect you from the rain and sun during backyard activities, camping, picnics, beach outings and outdoor events.","Easy to set up in about a minute
Legs feature push-release buttons so you can quickly adjust to 10.3-, 10.7- or 11-ft. peak height
Flame-resistant, UV-protected, waterproof top with double-stitched fabric and truss-style straight leg frame are durable to provide years of shade and weather protection
4 inside straps securely attach fabric to the frame
Create a wind barrier by adding matching walls (sold separately)
Includes a heavy-duty carry bag, poles and stakes",249.95,Camping,4.1,119,https://www.rei.com/media/956ee609-46ea-4e3e-bfc9-92072f10ea4b?size=2000,https://www.rei.com/product/882198/caddis-rapid-shelter-10-x-10,,,,,,,,,,,,,
246118, Brazos 30F Sleeping Bag,Sleeping Gear,Camping and Hiking/Sleeping Gear/Sleeping Bags/Camping Sleeping Bags,Stay warm and cozy on cold nights under the stars with the Coleman Brazos 30°F sleeping bag. It's built to last thanks to durable Fiberlock™ construction that keeps the insulation from shifting.,"Stay warm in temperatures as low as 30°F
Measures 75 x 33 in.; fits campers up to 5 ft. 11 in.
No-snag zipper
Thermolock™ draft tube along the zipper keeps body heat from escaping
Fiberlock™ construction keeps insulation from shifting
Easier packing with fasteners that lock the bag in place as you roll
Stuff sack included
Zip 2 bags together for double the room (second sleeping bag not included)",47,Camping,4.4,91,https://www.rei.com/media/2ae27031-f9cc-4178-9306-ac1902cf9da7?size=2000,https://www.rei.com/product/246118/coleman-brazos-30f-sleeping-bag,,,,,,,,,,,,,
251886, Disco 15 Endless Promise Down Sleeping Bag - Men's,Sleeping Gear,Camping and Hiking/Sleeping Gear/Sleeping Bags/Backpacking Sleeping Bags,Balance packability with roomy comfort. The men's NEMO Disco 15 Endless Promise Down sleeping bag's cut lets you shift positions throughout the night—and also shave weight so it packs up light.,"Features a Classic Spoon® silhouette for ultimate side-sleeping comfort; spoon bags are cut generously at the elbows and knees so you can shift positions
Updated Thermo Gill™ vents extend the comfort range and create fine-tuned control with their multistage zipper system
Each Gill has an interior and exterior zipper with a draft-blocking intermediate layer
Updated Blanket Fold™ design offers a cozy, oversized draft collar that dramatically blocks cold air or releases excess warmth
Tucked in, the Blanket Fold defiantly blocks any chill while mimicking the comfort of your bed at home; pushed out, it helps dump excess heat instantly
Filled with premium 650-fill-power, hydrophobic, PFAS-free, RDS-certified down
Products certified to the Responsible Down Standard (RDS) contain down or feathers from farms certified to animal welfare requirements
Hood and footbox are reinforced with recyclable material treated with PFAS-free waterproofing to prevent tent condensation from soaking into the bag's fabric
Body-mapped design includes 3D footbox for tailored comfort and warmth
Zip 2 Disco sleeping bags with opposing zipper sides together to create a double sleeping bag
Anti-snag zipper features protective edging to stop fabric from getting caught in the zipper pull
NEMO takes full responsibility for all Endless Promise® products, from production to end of life, and designs them for 100% recyclability to keep out of the landfill
With a shell manufactured fully from PET, this sleeping bag is 100% recyclable at the end of its life—just send it back to NEMO, and they'll handle the rest",299.95,"Camping, Backpacking",4.5,46,https://www.rei.com/media/8ff133cb-9a2a-44b7-a6a7-38f4096d3a27?size=2000,https://www.rei.com/product/251886/nemo-disco-15-endless-promise-down-sleeping-bag-mens,,,,,,,,,,,,,
201641, FlexMat Sleeping Pad,Sleeping Gear,Camping and Hiking/Sleeping Gear/Sleeping Pads/Closed-cell Foam Pads,Make camp setup quick with the Exped FlexMat sleeping pad. It's a comfortable closed-cell foam pad you can use on its own or layer under an inflatable pad to increase warmth and puncture protection.,"Folding form rapidly deploys, making setting up and breaking camp quick and easy
High-quality, nontoxic microcellular IXPE foam is extremely lightweight and durable, and it maintains the Flex-Cell structure for years of hard use
An array of air-trapping Flex-Cells creates a warm, supportive sleep surface, and cells nestle inside one another when the mat is folded, minimizing packed size
Multiple rectangular segments fold against one another into a compact, easily packable shape
FlexMat adds insulation, durability and moisture resistance to inflatable sleeping mats when layered beneath
Create an elevated, customized pillow section by stacking the first several segments atop one another to support your head and neck
This pad has an R-value of 1.5, which makes it best for adventures in cool weather; it provides moderate insulation from ground temperature",39.95,"Camping, Backpacking",4.4,42,https://www.rei.com/media/7b962fcb-fb99-49bc-9f3c-231b22f1ce7c?size=2000,https://www.rei.com/product/201641/exped-flexmat-sleeping-pad,,,,,,,,,,,,,
227952, Flash 18 Print Pack,Backpacks,Camping and Hiking/Hiking Backpacks/Daypacks,"Lightweight yet big enough to hold the Ten Essentials, our REI Co-op Flash 18 Print pack is a trail favorite of hikers everywhere. It's durable, water-resistant and made with recycled fabric.","Recycled ripstop nylon fabric features a nonfluorinated durable water repellent (DWR) finish to help moisture bead up on the surface
Waistbelt and sternum strap can be detached to save weight, bringing total pack weight from 9.5 oz. down to 7.7 oz.
Hydration-compatible design includes a hose exit port and an internal sleeve with a hang loop for a reservoir (reservoir not included)
Back panel is lightly padded; pad slips out for use as a sit pad
Breathable mesh shoulder straps have fold-over padding that softens contact with your neck and shoulders
Single-handed, quick-pull drawcord with small weather flap seals the top
Zippered side pocket for easy access and added security
Sunglass loop on left shoulder strap lets you hang your shades
2 interior slip pockets
Exterior loops can be used to lash on extra gear, add compression or tie the Flash 18 to a larger pack
For use in your larger backpack or duffel, this pack converts into a stuff sack simply by turning it inside out
Product meets the bluesign criteria
REI is Climate Neutral Certified; as we work to actively reduce our footprint, we measure annual carbon emissions and purchase an equivalent amount of verified carbon credits",39.95,"Camping, Hiking",4.4,202,https://www.rei.com/media/818dda9b-eaa4-4cea-882e-1b25a4883da1?size=2000,https://www.rei.com/product/227952/rei-co-op-flash-18-print-pack,,,,,,,,,,,,,
219759, HydraSleeve Reservoir - 3 Liters,Backpacks,Camping and Hiking/Hiking Backpacks/Pack Accessories/Hydration Reservoirs/Reservoirs,"Built tough so that it can withstand being tossed around outside your pack, the 3-liter HydraPak HydraSleeve reservoir is insulated to keep your water cold for easy hydration when you're on the move.","The 3-liter Elite™ reservoir has a Slide-Seal top and flexible grab tab to make it easy to fill and pull in/out of packs
Roll-top closure creates a handle for carrying or hanging a gravity feed
Insulated HydraFusion™ drink tube with high-flow Comet™ valve and dust cover for protection in tough conditions
Plug-N-Play™ connect system allows you to easily disconnect the drink tube (auto shut-off valve prevents leaking) and remove the reservoir from your pack for refilling
Insulating foam layer features a thermal-reflective liner preventing heat transfer
Outer sleeve has a durable construction with abrasion-resistant, waterproof 210-denier ripstop fabric and RF welded seams for superior durability and elasticity
4 lash points make it easy to secure to any gear rig
Wide working temperature range (can be frozen; max temp 140° F/60° C)
100% BPA- and PVC-free",60,"Camping, Multispot",4.8,30,https://www.rei.com/media/184d3e14-5072-4e14-9c4a-554897cbe5d1?size=2000,https://www.rei.com/product/219759/hydrapak-hydrasleeve-reservoir-3-liters,,,,,,,,,,,,,
229581, Trail 2 Waist Pack,Backpacks,Camping and Hiking/Hiking Backpacks/Hiking Waistpacks,"On your next hike, keep your snacks, sunscreen and phone handy in the rugged, water-resistant REI Co-op Trail 2 waist pack. It's also great for travel, thanks to its secret stash pocket on the back.","Recycled ripstop nylon shell has a nonfluorinated durable water repellent (DWR) finish to help moisture bead up on the surface
Wide top opening with double-slider zipper allows easy access to main compartment
Front zip pocket, interior slip pocket and key fob help keep things organized
Hidden back zippered stash pocket for storing valuables
Dual-adjustable buckle at waist strap for an easy fit
Contains materials that meet the bluesign® criteria
REI is Climate Neutral Certified; as we work to actively reduce our footprint, we measure annual carbon emissions and purchase an equivalent amount of verified carbon credits",14.83,"Camping, Hiking Travel",4.6,19,https://www.rei.com/media/378aa68e-e2ce-4abe-ad4f-1925f7ba2d63?size=2000,https://www.rei.com/product/229581/rei-co-op-trail-2-waist-pack,,,,,,,,,,,,,
127968, Flash Cooking System ,Camp Kitchen,Camping and Hiking/Camp Kitchen/Stoves and Grills/Backpacking Stoves and Accessories/Backpacking Stoves,"Enjoy cocoa, coffee or a gourmet freeze-dried meal in a jiffy with the Jetboil Flash cooking system. It boils water in 100 seconds, allowing you to conserve fuel and dig in faster.","Updated Flash is an all-in-one cooking system delivers a rapid boil by combining the burner and cooking vessel into a single system
Cooktime (100 seconds) is based on the amount of time it takes for the Jetboil Flash to boil 16 fl. oz. (2 cups) of water
1-liter FluxRing aluminum cooking cup has an insulating cozy
Improved stove-vessel integration allows easy on/off; stove is compatible with any isobutene-propane canister with a Lindal valve (fuel not included)
Vessel has an updated lid and design that feels great in your hands
Bottom cover serves as a measuring cup and bowl
Push-button igniter
Color-change heat indicator
Includes stabilizer for your fuel canister (fuel canister not included)
Compatible with Jetboil accessories including the regular (non-grande) silicone coffee press, FluxRing cooking pot, FluxRing frying pan and more (all not included)
Stove burner and your own 100 g fuel canister stow inside the cup
Fuel not included",97.39,"Camping, Backpacking",4.5,766,https://www.rei.com/media/e2f14910-fc1b-459a-9da2-cd953ae575ef?size=2000,https://www.rei.com/product/127968/jetboil-flash-cooking-system,,,,,,,,,,,,,
116123, Destination Kitchen Set 24,Camp Kitchen,Camping and Hiking/Camp Kitchen/Cookware and Dinnerware/Plates and Bowls/Camping Table Sets,"The GSI Outdoors Destination Kitchen Set 24 is a 24-piece set that includes 4 cutlery sets, folding tools, a cutting board, utility knife, spice shakers and much more to complement your camp kitchen.","Compact set includes a durable, ballistic nylon case to keep all your cooking gear securely stowed and organized in your chuck box
High-temperature nylon 6-6 spatula and spoon with graduations fold and pivot, rotating from stored to working position
Waterproof, ultralight salt and pepper shaker modules screw together to keep spices dry and flavorful
2 soft-sided condiment bottles
Weighs under 2 lbs.",59.95,Camping,4.5,38,https://www.rei.com/media/7c310c10-b922-4c4f-b9fa-be9e4d5e68e8?size=2000,https://www.rei.com/product/116123/gsi-outdoors-destination-kitchen-set-24,,,,,,,,,,,,,
150116, GeoPress Water Filter and Purifier Bottle - 24 fl. oz.,Camp Hydration,Camping and Hiking/Camp Hydration/Portable Water Treatment/Portable Water Purifiers/Water Bottle Purifiers,"A global traveler's dream with fast, easy performance, the Grayl GeoPress water filter and purifier bottle helps protect you from viruses, protozoa, bacteria, particulates, chemicals and heavy metals.","Award-winning OnePress™ global protection is effective for use on all 7 continents so you can save money, travel sustainably and never buy single-use bottled water again
Removes viruses (e.g., hepatitis A, norovirus, rotavirus), bacteria (e.g., E. coli, salmonella, shigella) and protozoan cysts (e.g., amoebae, cryptosporidia, giardia)
Simply fill, press and drink—fill from any freshwater source, press on the ground or other firm surface and drink purified water
Ultra-powdered activated carbon adsorbs many chemicals (including PFAS and VOCs), pesticides, herbicides, heavy metals, flavors and odors
Filter removes microplastics and other particulates
Updated cartridge design features a preinstalled One-Way Drink Mix Valve
One-Way Drink Mix Valve allows electrolytes and flavored sport drink mixes to be added to clean, purified water
3-function SimpleVent™ drink cap allows one-handed hydration through the fast-flow drink spout, vents air while purifying and blocks cross-contamination, grime and dirt
Softpress™ ergonomic comfort pads and tactile TopoGrip™ TPE on all heavy-use surfaces allow nonslip, anti-fatigue pressing
With virtually no setup time: GeoPress purifies and filters 24 fl. oz. of water in 8 sec. (5 L per min.)
Replaceable cartridge is rated for 350 cycles (65 gal./250 L); as press time reaches 25 sec. (or 3 years have elapsed since first use) it's time to replace the cartridge
When stored properly, an unused cartridge has a 10-year shelf life
Built tough to perform in harsh conditions and withstand drops up to 10 ft. onto concrete, even when full of water
Independently tested by a certified laboratory to meet or exceed NSF/ANSI protocols 42 and 53 for sediment, pathogen and chemical removal
Also meets the EPA Guide Standard and Protocol for testing microbiological water purifiers",99.95,"Camping, Backpacking

Travel",4.8,2174,https://www.rei.com/product/150116/grayl-geopress-water-filter-and-purifier-bottle-24-fl-oz,https://www.rei.com/product/150116/grayl-geopress-water-filter-and-purifier-bottle-24-fl-oz,,,,,,,,,,,,,
207323, FreeSip Vacuum Water Bottle - 32 fl. oz.,"Camp Hydration
",Camping and Hiking/Camp Hydration/Water Bottles,Parched and chugging? Just need a sip? The 32 fl. oz. Owala FreeSip vacuum water bottle's patented push-button lid keeps your options open. And its triple-layer construction keeps drinks cold all day.,"FreeSip spout makes it possible to drink in two different ways: Hold it upright to sip through the built-in straw, or tilt back to chug through the wide-mouth opening
Patented locking push-button lid flips open for drinking or closed to keep the spout clean; a convenient carry loop doubles as a lock
Triple-layer, vacuum-insulated stainless-steel construction keeps drinks cold for up to 24 hrs.
Not for use with hot liquids
Wide opening for easy cleaning and adding ice
Base of bottle is cup holder-friendly
Hand-wash bottle; lid is dishwasher-safe
Backed by the manufacturer's limited lifetime warranty",35,"Camping, Multisport",4.8,12946,https://www.rei.com/media/daf6196e-ecf2-4e52-ae62-ed3b7d2de033?size=2000,https://www.rei.com/product/207323/owala-freesip-vacuum-water-bottle-32-fl-oz,,,,,,,,,,,,,
234098, Bonfire Fire Pit with Stand 2.0,Camp Furniture,Camping and Hiking/Camp Kitchen/Stoves and Grills/Camp Grills and Fire Pits/Fire Pits,"Built for the backyard—yet portable enough to take to the campground, beach and beyond—the Solo Stove Bonfire fire pit with Stand 2.0 offers easy-to-light, smokeless fire wherever adventure takes you.","304 stainless-steel construction
Portable design
Removable ash pan and carrying case included",300,Camping,4.4,7,https://www.rei.com/media/51dc6410-5d00-4073-9451-9ef0a0d98cf9?size=2000,https://www.rei.com/product/234098/solo-stove-bonfire-fire-pit-with-stand-20,,,,,,,,,,,,,
202539, DoubleNest Hammock - Print,Camp Furniture,Camping and Hiking/Camp Furniture/Hammocks/Camping Hammocks,"With room for 2 to stretch out, lie flat and relax, this ENO DoubleNest Print hammock is a colorful must-have for outdoor lounging. It's easy to bring along wherever your adventures take you.","FreeWave™ fabric is soft, breathable and dries fast when wet; crinkle treatment offers easy packability
Extended 9.5 ft. hammock body creates more room to stretch out and chill
Integrated stuff sack compresses hammock to the size of a grapefruit for easy packing; bonus internal stash pocket holds your phone or water bottle
Triple-stitched seam construction protects against rips and tears
Light weight makes it an easy choice for any trip
Refreshed hardware includes a custom side-release buckle and larger cordlock for easy setup and pack up every time
Specially designed carabiners easily attach to all ENO hammock straps or other secure anchor points and help maintain correct orientation; straps not included
To hang: Find two living, mature trees or anchor points approximately 10–15 ft. (3–4.5 m) apart that can safely support the ENO hammock and its occupant(s)
Compatible with all ENO hammock straps, stands, bug nets, rain tarps and insulation systems (not included)
To clean hammock: remove carabiners, hand wash in cold water with mild detergent, and hang dry
ENO plants 2 trees for every hammock purchase through their partnership with Trees for the Future
ENO is a member of the 1% For The Planet organization, donating 1% of sales to environmental nonprofits",84.94,Camping,4.6,834,https://www.rei.com/media/2f81856c-2ba1-4e55-aca4-4497279ea7a1?size=2000,https://www.rei.com/product/202539/eno-doublenest-hammock-print,,,,,,,,,,,,,
170710, Icon700 Headlamp,Lighting,Camping and Hiking/Camp Lighting/Headlamps/LED Headlamps,"Designed for backcountry skiing, mountain runs and any other adventures that demand high-output lighting, the Black Diamond Icon700 headlamp is powerful, waterproof and ready to defy the dark.","Features 700 lumens of power and a multifaceted optical lens design that saves battery life
Brightness Memory allows you to turn the light on and off at a chosen brightness without reverting back to full power
PowerTap™ Technology allows instant transitioning between full and dimmed power options and lock mode
Settings: full-strength (in proximity and distance modes), dimming, strobe and red, green and blue night vision modes to cover the spectrum of night vision needs
IP67 rating means this is considered waterproof and dustproof; it can withstand submersion in water up to 1 m deep
Removable battery pack (longer cable included)
Dual-Fuel design means this headlamp can be powered with a Black Diamond Icon Headlamp Rechargeable Battery Pack (not included) or 4 AA batteries (included)",109.95,"Camping, Backpacking",4.2,157,https://www.rei.com/media/f5917737-e268-4076-b2fa-62f722616d2a?size=2000,https://www.rei.com/product/170710/black-diamond-icon700-headlamp,,,,,,,,,,,,,
248291, Luci Original Clear 2.0 Inflatable Solar Lantern,Lighting,Camping and Hiking/Camp Lighting/Lanterns/Electric Lanterns,"No matter how far off the grid you go, this BioLite lantern keeps you out of the dark for up to 24 hrs. between charges. To recharge, just add sun or plug it in!","Ideal for camping, hiking, backpacking, RVing and boating, as well as for watersports, backyard use, and blackouts or other emergencies
Built-in rechargeable 1000 mAh lithium-ion battery lasts up to 24 hrs. on a single charge; an indicator shows remaining battery life
Recharges with a high-efficiency solar panel or USB-C quick-charge
10 LEDs emit 75 lumens through the lantern's clear finish
4 light modes: low, medium, high and flashing
Adjustable bottom strap and fixed top strap make this lantern easy to hang
2-second quick shut-off
Collapses down to just 1 in. thick, giving you plenty of room for all your other gear
Durable and built to withstand up to 150 lbs. of pressure
Fully waterproof with an IP67 rating",29.95,"Backpacking

Camping",4.8,139,https://www.rei.com/media/152fdc41-1845-477d-9681-279df76fcb54?size=2000,https://www.rei.com/product/248291/biolite-luci-original-clear-20-inflatable-solar-lantern,,,,,,,,,,,,,
890929, A-10 NH Compass,Gadgets and Gears,Camping and Hiking/Gadgets/Compasses,"Fast, simple and accurate, the Suunto A-10 NH baseplate compass is easy to learn to use, making it ideal for map and compass navigation for general recreational use in ordinary conditions.","High-grade steel needle with jewel bearing
Balanced for northern hemisphere
Fixed declination correction scale
Liquid-filled capsule for stable operation
Detachable snap-lock lanyard",24,"Camping, Hiking",4.3,47,https://www.rei.com/media/c8d3d09d-36ba-4f5b-a541-d0aaa254c9bc?size=2000,https://www.rei.com/product/890929/suunto-a-10-nh-compass,,,,,,,,,,,,,
236147, Spyfire Down Jacket - Men's,Hiking Clothing,Men's Clothing/Men's Jackets/Men's Insulated Jackets/Men's Down Jackets,"Lightweight, soft and strong, the men's KUHL Spyfire down jacket features more down at your core and less in heat-producing, high-mobility zones, so you can make every day legendary.","Soft-shell overlay on the yoke, collar stand and zipper garages for durability
Main body is 100% nylon (38 g/m2); shoulders and yoke are 88% nylon/12% spandex (180 g/m2) with PFC-free durable water repellent (DWR)
Reinforcing overlays double the durability while 3D patterning provides your ideal fit
Thermal body mapping for less bulk
Temperature-regulating, knit underarm gussets release excess heat for sustained comfort during high-energy activity
KUHL signature hood with cordlock adjustments
Elastic binding on hood and cuffs trap in warmth and seal out cold
Reverse-coil zippers; 26 in. Metaluxe® center-front zipper with an ergonomic KUHL crest zipper pull
2 hand pockets, 1 left sleeve pocket and 1 internal mesh pocket
Custom reflective ribbon at draft flap and inside pockets provides resistance to zipper snag and increases visibility in the dark
Bottom hem drawcords allow for adjustability",299,"Camping, Multisport",4.3,21,https://www.rei.com/media/e41ccece-d6ba-40ef-bd88-76e67bca2b44?size=2000,https://www.rei.com/product/236147/kuhl-spyfire-down-jacket-mens,,,,,,,,,,,,,
203527, Horizon Breeze Brimmer Hat,Hiking Clothing,Men's Clothing/Men's Clothing Accessories/Men's Hats and Headwear/Men's Sun Hats,"Perfect for memorable outings on long, sunny days, the Horizon Breeze Brimmer hat from The North Face is light and airy, yet packed with tech and recycled materials.","Body fabric made with recycled nylon
Sweatband features FlashDry-Pro™ materials that actively pull moisture away from the body to help keep you feeling dry and comfortable during activity
Adjustable shockcord chin strap features a cordlock made from recycled plastic
Ultraviolet Protection Factor (UPF) 40+
Heat-transfer logo
Recommended by The Skin Cancer Foundation, earning their Seal of Recommendation for safe and effective UV protection",45,"Camping, Casual

Hiking",4.8,431,https://www.rei.com/media/cd4a692a-5f34-42ae-88b0-e9ad7b2f9dbf?size=2000,https://www.rei.com/product/203527/the-north-face-horizon-breeze-brimmer-hat,,,,,,,,,,,,,
229855, Targhee IV Vent Hiking Shoes - Men's,Hiking Footwear,Footwear/Men's Footwear/Men's Shoes/Men's Hiking Shoes,"Made with a vented design for breathability on warm hikes, the men's KEEN Targhee IV Vent hiking shoes offer durable cushioning that resists compression for long-lasting comfort on the trail.","Environmentally preferred premium leather from LWG-certified tannery
Breathable mesh linings
100% recycled PET laces
Padded tongues and collars for comfort
Heel-capture system for added stability
Leather mud shields repel debris
Eco Anti-Odor for natural odor control
Original KEEN fit with generous space across forefoot for toes to spread out
Removable Luftcell polyurethane insoles for long-lasting comfort
LuftCore technology embeds a lightweight, air-injected core into higher-density foam for enhanced midsole cushioning
Rubber soles are fused to the uppers without glue for a more eco-friendly construction that won't delaminate (KEEN guarantees it)
Nonmarking, multidirectional lugs for increased traction",150,"Camping, Hiking",4.3,112,https://www.rei.com/media/ec4d0d6e-2262-4765-94bc-8408386d2496?size=2000,https://www.rei.com/product/229855/keen-targhee-iv-vent-hiking-shoes-mens,,,,,,,,,,,,,
217544, Rogue Hiker Mid GORE-TEX Hiking Boots - Men's,Hiking Footwear,Footwear/Men's Footwear/Men's Boots/Men's Hiking Boots/Men's Backpacking Boots,"When you want reliable comfort for long days on your feet, the men's Merrell Rogue Hiker Mid GORE-TEX hiking boots deliver with lightweight cushion, plenty of grip and durable waterproofing.","GORE-TEX waterproof membranes provide exceptional breathability and waterproof performance
Ballistic mesh and TPU uppers with metal hooks and eyelets for added durability
Locking midfoot lacing hardware for precise lacing and fit
100% recycled laces and webbing
100% recycled breathable mesh linings
Bellows gussets integrated with hybrid midfoot bootie construction help keep out debris
Molded TPU external heel counters with integrated snowshoe strap catches
Gaiter D-rings
100% recycled mesh footbed covers
Removable (polyurethane) PU footbeds
Cleansport NXT™ treated for natural odor control
Rock plates along with running-inspired S-Curve geometry for added stiffness and stability for backpacking
2-part, dual-density FloatPro™ foam midsoles
Vibram® Megagrip high-performance rubber outsoles offer reliable grip on both dry and wet surfaces
5 mm Vibram traction lugs are specifically designed to increase traction and shed debris with each step
31.5 mm/23.5 mm heel-to-toe offset; 8 mm drop",230,"Camping, Backpacking",4.3,139,https://www.rei.com/media/73184c8f-87dc-46cf-b8a1-1262cf662d34?size=2000,https://www.rei.com/product/217544/merrell-rogue-hiker-mid-gore-tex-hiking-boots-mens,,,,,,,,,,,,,
113006, Mountain Series Hiker Medical Kit,Health and Safety,Camping and Hiking/Health and Safety/First Aid/First-Aid Kits,The Adventure Medical Kits Hiker medical kit is equipped with carefully selected supplies tailored to meet any basic first-aid needs you and a friend might experience on a 2-day adventure.,"Easy Care™ organization system helps you find what you need at a moment's notice, organizing contents into clearly-labeled injury-specific pockets
Find supplies quickly, even in the dark: an external kit map shows you where the supplies are located, while a reflective mountain logo makes the bag easy to spot
See-through pockets protect items from dirt and moisture while allowing for quick and easy access; zippers hold items in when opening the kit or accessing it vertically
Stop bleeding quickly with the trauma pad, close wounds with butterfly bandages and medical tape, and stabilize sprained ankles or strains with the elastic bandage
Kit also contains common medications for allergic reactions, itches, pain and fever, inflammation, and diarrhea
Hospital-quality tools include EMT shears and precision forceps for efficient and effective backcountry medical care
Antiseptic wipes and butterfly bandages for cleaning and closing small wounds
Stop blisters before they start with moleskin, a reliable dressing that reduces friction; kit includes 14 die-cut pieces, shaped to fit common problem areas
Know how to treat common backcountry injuries and illnesses with the up-to-date wilderness first-aid information in the hiking first-aid guide, written by Eric A. Weiss, M.D.
This compact hiking first aid kit weighs less than 8 oz. and features a durable, water-resistant medical bag
Durable nylon bag with darting provides extra space inside the kit for your own items",29.95,"Camping, Hiking",4.6,116,https://www.rei.com/media/2a722066-fe9c-48b9-8526-665effc53c8f?size=2000,https://www.rei.com/product/113006/adventure-medical-kits-mountain-series-hiker-medical-kit,,,,,,,,,,,,,
813514, Emergency Blanket XL,Health and Safety,"Camping and Hiking
/
Health and Safety
/
First Aid
/
Emergency Supplies",Don't get left out in the cold. The SOL Emergency Blanket XL reflects up to 90% of your body's heat back to you and is sized to shelter 1 to 2 adults.,"Bright orange exterior is easy to spot, even in bad weather
Survival and first-aid instructions are printed directly on the blanket for convenience
Measures 98 x 58 in. and is sized to shelter 1 or 2 adults
Blanket provides protection from water and wind
SOL survival blanket is easy to open and fold in cold weather; folded flat, it's easy to pack",8.5,"Camping, Backpacking",4.6,51,https://www.rei.com/media/5668a602-3315-4e4a-a14b-1f69adeb6fb7?size=2000,https://www.rei.com/product/813514/sol-emergency-blanket-xl,,,,,,,,,,,,,
147422, Kid Comfort Sun Roof,Kids Camping Gear,"Camping and Hiking
/
Hiking Backpacks
/
Baby Carrier Packs
/
Baby Carrier Accessories","Sunny-day adventures shouldn't end with sunburns. Keep your little one protected from harmful UV rays with the flexible, durable Deuter Kid Comfort sun roof, a handy accessory for fair-weather treks.","Buckles attach the sun roof to your compatible Kid Comfort carrier
Compatible carriers: Deuter Kid Comfort, Kid Comfort Active and Kid Comfort Active SL (must be 2019 model or newer, carrier not included)
Easily stashes in the carrier's back pocket",35,"Camping, Hiking",3.8,17,https://www.rei.com/media/aaadb94c-8b67-4685-a3fd-7f0301cc7b5e?size=2000,https://www.rei.com/product/147422/deuter-kid-comfort-sun-roof,,,,,,,,,,,,,
188106, Eddy+ Kids' Renew Water Bottle - 14 fl. oz.,Kids Camping Gear,"Camping and Hiking
/
Camp Hydration
/
Water Bottles","A classic made better with 50% recycled material, the 14 fl. oz. CamelBak Eddy+ Kids' Renew water bottle is spill-proof and easy to use with no tipping required—just flip, bite and sip.","Made with Eastman Tritan Renew copolyester, which is crafted from 50% recycled content; Tritan Renew is lightweight, highly durable and free of BPA, BPS and BPF chemicals
Straw lid is easy to use: Simply flip, bite and sip; plus, its leakproof when closed and spill-proof when open
Odor- and stain-resistant cap and bottle are easy to clean and dishwasher safe
Universal cap system is compatible with most CamelBak accessory caps (additional caps not included)
Color-matched thumb tab
Comfort carry handle
Recommended for ages 3+",15,"Camping, Casual",4.5,84,https://www.rei.com/media/86aada5a-2cd7-479f-a8cf-61ef5372a512?size=2000,https://www.rei.com/product/188106/camelbak-eddy-kids-renew-water-bottle-14-fl-oz,,,,,,,,,,,,,
163887, Helio Pressure Shower - 11 Liters,Camp and Hike Deals,"Camping and Hiking
/
Health and Safety
/
Camp Bathroom
/
Camp Showers","Unlike gravity camp showers that need to be hung overhead, the 11-liter NEMO Helio pressure shower rests on the ground and provides the pressure you need to wash hair, do dishes or rinse off gear.","Quickly and easily pressurize the 2.9 gal. tank with a foot pump; with occasional pumps you can keep it fully pressurized for 5–7 min. of strong, continuous spray
Set the black tank in the sun to warm up gradually or fill it directly with hot water for a warm shower
Unlike other pressurized showers, Helio can be refilled anywhere without a hose
7 ft. neoprene hose is long enough to hold overhead for a shower or to reach all angles of dirty gear, muddy paws or salty wetsuits
Pair with the NEMO Heliopolis privacy shelter (not included) which has a fitted nozzle holder for hands-free overhead showering for a home-away-from-home shower experience
Safety strap prevents accidental opening and allows easy transport
Compact ventilated carrying case neatly stows the tank, hose, nozzle and pump
Folding panels allow fast setup and a small packed size
Horizontal design offers stability and ease of use around camp
NEMO offers a lifetime warranty on this pressure shower",64.93,Camping,3.7,85,https://www.rei.com/media/12e65c41-108a-47a0-928b-14c2bc701632?size=2000,https://www.rei.com/product/163887/nemo-helio-pressure-shower-11-liters,,,,,,,,,,,,,
168772, Outward Low Lawn Chair,Camp and Hike Deals,"Heavy-duty, 300-denier ripstop polyester seat is highly abrasion resistant and treated with a durable water repellent (DWR) finish to repel light rain and stains
Sets up and takes down easily with bifold design
Backpack straps and a carry handle make for easy transport
Secure closure system allows you to use the folded chair as a catchall for blankets or other items, like the Outward Side Table (not included)
250 lb. weight capacity
Contains materials that meet the bluesign® criteria
REI is Climate Neutral Certified; as we work to actively reduce our footprint, we measure annual carbon emissions and purchase an equivalent amount of verified carbon credits","It's that chair from your childhood, but way more durable. The REI Co-op Outward Low Lawn Chair is made with a coated aluminum frame and a water-repellent ripstop seat. Plus, it has backpack straps.","Heavy-duty, 300-denier ripstop polyester seat is highly abrasion resistant and treated with a durable water repellent (DWR) finish to repel light rain and stains
    Sets up and takes down easily with bifold design
    Backpack straps and a carry handle make for easy transport
    Secure closure system allows you to use the folded chair as a catchall for blankets or other items, like the Outward Side Table (not included)
    250 lb. weight capacity
    Contains materials that meet the bluesign® criteria
    REI is Climate Neutral Certified; as we work to actively reduce our footprint, we measure annual carbon emissions and purchase an equivalent amount of verified carbon credits",44.83,Camping,4.5,102,https://www.rei.com/media/81adf443-ac27-4c24-9aa9-dcebe876275b?size=2000,https://www.rei.com/product/168772/rei-co-op-outward-low-lawn-chair?color=ASPHALT,,,,,,,,,,,,,
233658, vivoactive 5,Camp and Hike Deals,"Camping and Hiking
/
Camp Electronics
/
Watches
/
GPS Sports Watches","Purpose-built with essential health and fitness features to help you better understand your body, the Garmin vivoactive 5 is the ultimate on-wrist coach designed to help you achieve your goals.","Bright, colorful AMOLED (active-matrix organic light-emitting diode) display gives you a more complete picture of your health
Up to 11 days of battery life in smartwatch mode
Body Battery™ energy monitoring helps you keep your energy levels in check with personalized insights based on sleep, naps, stress, workouts and more
Improve the quality of your sleep with personalized sleep coaching and nap detection plus even more details such as heart rate variability (HRV) status
Provides a sleep score and personalized sleep coaching for how much sleep you need as well as tips on how to improve your sleep
Automatic nap detection and nap logging tracks your nap length during the day, providing personalized insights on how it affects your Body Battery energy monitoring and more
Switch up your activities with more than 30 built-in sports apps—including apps for active wheelchair users—plus advanced training features to keep you going strong
Activities include walking, running, cycling, HIIT, swimming, golf and more
Wheelchair mode tracks pushes, rather than steps, and includes push and handcycle activities with preloaded workouts for strength, cardio, HIIT, Pilates and yoga
Advanced training features include workout benefit, which helps you understand how a workout affects your body, and recovery time to know how long your body needs to recover
Sync with the Garmin Connect™ smartphone app and get more details on your health and fitness data plus personalized insights and more
Create your own workout in the Garmin Connect smartphone app or try Garmin Coach free adaptive training plans to help you prepare for your next running challenge
Extensive health-monitoring features include wrist-based heart rate, morning report, fitness age, stress tracking, menstrual cycle and pregnancy tracking, meditation and more
When paired with your smartphone, vivoactive 5 makes it easy to receive texts, emails and other smart notifications right from your wrist
Download your favorite music to your watch, including playlists from your Spotify, Amazon Music or Deezer accounts
Connect with your wireless headphones for phone-free listening
Garmin Pay™ contactless payments (with a supported country and payment network) let you pay for purchases on the go and breeze through select transit systems
Incident detection (during select outdoor activities) and assistance can call or send a message with your live location to emergency contacts when paired with your smartphone
Safety and tracking features like detection and assistance require setup and your smartphone to be in an area with network coverage where data connectivity is available",219.99,"Camping, Fitness",4.4,934,https://www.rei.com/media/51cbc7d6-d825-4a09-9676-6189833b2535?size=2000,https://www.rei.com/product/233658/garmin-vivoactive-5?color=CREAM%2520GOLD%252FIVORY,,,,,,,,,,,,,
115533, HalfGen Base Camp Cooking System,Camp and Hike Deals,"Camping and Hiking
/
Camp Kitchen
/
Cookware and Dinnerware
/
Camp Cookware
/
Cooksets","Go gourmet and custom grow the size of your cooking system based on the size of your team with the Jetboil HalfGen Base Camp cooking system, the world's first modular camp stove setup.","Modular system with Jetlink output; can be coupled to additional Jetlink compatible stoves via its Jetlink port
Standalone 10,000 BTU stove with unbeatable, full simmer control
Regulated for consistent performance down to 20°F
9 in. ceramic-coated fry pan delivers nonstick performance
Convenient, reliable lever igniter
Easy to clean design
System includes stove, 9 in. fry pan, carry bag, windscreen and fuel regulator
Fuel not included",164.89,Camping,4.5,78,https://www.rei.com/media/510430ae-f75f-466a-b43d-556285a37be8?size=2000,https://www.rei.com/product/115533/jetboil-halfgen-base-camp-cooking-system,,,,,,,,,,,,,
243978, Reflect Aero Earbuds,Camp and Hike Deals,"Electronics
/
Music Devices
/
Headphones","Designed for movement, the JBL Reflect Aero earbuds are the perfect companions for your active lifestyle. They feature POWERFINS for a secure fit and better-fitting Oval Tubes™ for all-day comfort.","Designed with comfortable Oval Tubes and POWERFINS for a secure, tightly sealed fit whether you're at work or working out
Use the ""Check My Best Fit'' test on the JBL Headphones App to find your unique fit
JBL Signature Sound dynamic 6.8 mm drivers power the soundtrack of your life with bold sound and rich bass, whether you're deep in meditation or sweating it out at the gym
True Adaptive Noise Cancelling (4-mic) with Smart Ambient automatically eliminates audio distractions while keeping you alert to your surroundings, wherever you go
With VoiceAware, 3 beam-forming mics on each earbud ensure that your voice always comes through loud and clear, even on a breezy day
VoiceAware also lets you control how much you hear your own voice during calls
IP68 dustproof and waterproof construction helps to ensure perfect calls, wherever your journey leads
Enjoy up to 24 hr. battery capacity: 8 hrs. of power in the earbuds and 16 hrs. in the case (or 7 hrs. + 14 hrs. with Adaptive Noise Cancelling on)
Need a quick boost? You can fast charge another 4 hrs. of battery life with just 15 min. charge time
Download the JBL Headphones App for a full range of customization options for each earbud: Tailor the EQ, choose your preferred Voice Assistant, enable Voice Prompts and more",99.99,"Camping, Multisport",3.6,162,https://www.rei.com/media/bfae591f-ca50-4348-af73-0dfe6810a4a0?size=2000,https://www.rei.com/product/243978/jbl-reflect-aero-earbuds?color=BLACK,,,,,,,,,,,,,
244163, Reverb ChromaPop Sunglasses,Camp and Hike Deals,"Camping and Hiking
/
Sunglasses
/
Sport Sunglasses","Take your bike for a spin with confidence knowing the Smith Reverb ChromaPop sunglasses give your eyes a large, lightweight shield from the sun that won't slip, even when worn with your helmet.","Comes with 2 interchangeable ChromaPop™ lenses with hydroleophobic coating
PivLock™ frame technology for easy lens interchangeability; re-engineered to be the lightest weight shield (27 g) in the Smith Velocity collection
Hydrophilic Megol® temple pads and 2-position adjustable nosepad for a secure, nonslip fit and helmet compatibility
7x4 toric lens base curvature
Medium fit with large coverage
TR90 frame material with AutoLock hinges
Includes extra ChromaPop™ contrast rose lens, performance case and microfiber bag",149.73,"Camping, Cycling",5,1,https://www.rei.com/media/fcfca35f-7fc4-44bb-bb52-6f51dcfefd9f?size=2000,https://www.rei.com/product/244163/smith-reverb-chromapop-sunglasses?color=MATTE%2520WHITE,,,,,,,,,,,,,
206596, fenix 7X Sapphire Solar,Camp Electronics,"Camping and Hiking
/
Camp Electronics
/
Watches
/
GPS Sports Watches",This GPS watch is built to go strong for days on end and sustain your athletic and outdoor challenges. Garmin fenix 7X Sapphire Solar uses the sun's energy to extend battery life.,"Scratch-resistant Power Sapphire™ lens, always-on 1.4 in. display and 51 mm case size
Built-in LED flashlight keeps you going after dark
Use trusted button controls or the touch-screen interface to access selections
Take your training to the next level with endurance and real-time stamina tracking, training status, advanced performance metrics and 30+ built-in sports apps
Get 24/7 health and wellness monitoring with wrist-based heart rate, Pulse Ox (not available in all countries), stress and enhanced sleep tracking
This device is intended to give an estimation of your activity and metrics; it is not a medical device
Navigate the outdoors with a higher level of positioning accuracy, thanks to updated multiband frequency and GNSS network support (GPS, GLONASS and Galileo)
Additional navigation tools include built-in sensors for 3-axis compass, gyroscope and barometric altimeter
Find freedom and adventure with preloaded TopoActive maps—plus maps for thousands of golf courses and ski resorts worldwide
Built-in Wi-Fi connectivity lets you download maps for any continent—without using a computer
Connected features include smart notifications (when connected to a compatible smartphone), music storage and Garmin Pay™ contactless payments
Garmin Pay contactless payments available in supported countries and payment networks only
In smartwatch mode, enjoy up to 28 days of battery life indoors or up to 37 days when solar charging—assuming all-day wear with 3 hrs. per day outside in 50,000 lux condition
In GPS mode, enjoy up to 89 hrs. of battery life indoors or up to 122 hrs. when solar charging—assuming use in 50,000 lux conditions
Comes with a silicone watch band",649.99,"Camping, Multisport",4.6,708,https://www.rei.com/media/cf966670-da8f-463c-963f-5039f4fe3a84?size=2000,https://www.rei.com/product/206596/garmin-fenix-7x-sapphire-solar,,,,,,,,,,,,,
216799, inReach Messenger,Camp Electronics,"Camping and Hiking
/
Camp Electronics
/
Satellite Communicators","Providing global 2-way messaging and interactive SOS, the Garmin InReach Messenger satellite communicator keeps you connected with friends and family even when you're out of cell coverage.","Small, rugged, lightweight satellite communicator enables 2-way text messaging even in areas with no cell coverage
Use the device to check in with contacts, read and reply to their responses with preset messages and even share your GPS location data if you like
Group messaging via the Garmin Messenger™ smartphone app lets you share your adventures with multiple contacts simultaneously—and have group text chats with friends and family
Check in with contacts directly by using preset messages that do not count toward your allotted text messages
You can also send or receive messages by pairing with compatible Garmin handhelds, wearables, marine equipment or other devices
Device seamlessly switches between Wi-Fi wireless networking and cellular/satellite networks to give you superior connectivity and cost-efficiency for all your communications
Trigger an interactive SOS to the Garmin IERCC monitoring and coordination center (staffed 24/7) for help in an emergency
On-device display gives you the ability to confirm that your message has been sent; you'll even see a response that help is on the way in case of emergency
Internal, rechargeable lithium battery gives up to 28 days of battery life in 10-minute tracking mode—and provides safety charging to help recover a depleted phone",300,"Emergency Preparedness

Multisport",4.2,249,https://www.rei.com/media/0ebaa7e5-b8b0-49c5-9204-247f0973173c?size=2000,https://www.rei.com/product/216799/garmin-inreach-messenger,,,,,,,,,,,,,
233658, vivoactive 5,Camp Electronics,"Camping and Hiking
/
Camp Electronics
/
Watches
/
GPS Sports Watches","Purpose-built with essential health and fitness features to help you better understand your body, the Garmin vivoactive 5 is the ultimate on-wrist coach designed to help you achieve your goals.","Bright, colorful AMOLED (active-matrix organic light-emitting diode) display gives you a more complete picture of your health
Up to 11 days of battery life in smartwatch mode
Body Battery™ energy monitoring helps you keep your energy levels in check with personalized insights based on sleep, naps, stress, workouts and more
Improve the quality of your sleep with personalized sleep coaching and nap detection plus even more details such as heart rate variability (HRV) status
Provides a sleep score and personalized sleep coaching for how much sleep you need as well as tips on how to improve your sleep
Automatic nap detection and nap logging tracks your nap length during the day, providing personalized insights on how it affects your Body Battery energy monitoring and more
Switch up your activities with more than 30 built-in sports apps—including apps for active wheelchair users—plus advanced training features to keep you going strong
Activities include walking, running, cycling, HIIT, swimming, golf and more
Wheelchair mode tracks pushes, rather than steps, and includes push and handcycle activities with preloaded workouts for strength, cardio, HIIT, Pilates and yoga
Advanced training features include workout benefit, which helps you understand how a workout affects your body, and recovery time to know how long your body needs to recover
Sync with the Garmin Connect™ smartphone app and get more details on your health and fitness data plus personalized insights and more
Create your own workout in the Garmin Connect smartphone app or try Garmin Coach free adaptive training plans to help you prepare for your next running challenge
Extensive health-monitoring features include wrist-based heart rate, morning report, fitness age, stress tracking, menstrual cycle and pregnancy tracking, meditation and more
When paired with your smartphone, vivoactive 5 makes it easy to receive texts, emails and other smart notifications right from your wrist
Download your favorite music to your watch, including playlists from your Spotify, Amazon Music or Deezer accounts
Connect with your wireless headphones for phone-free listening
Garmin Pay™ contactless payments (with a supported country and payment network) let you pay for purchases on the go and breeze through select transit systems
Incident detection (during select outdoor activities) and assistance can call or send a message with your live location to emergency contacts when paired with your smartphone
Safety and tracking features like detection and assistance require setup and your smartphone to be in an area with network coverage where data connectivity is available",219.99,Fitness,4.4,938,https://www.rei.com/media/51cbc7d6-d825-4a09-9676-6189833b2535?size=2000,https://www.rei.com/product/233658/garmin-vivoactive-5,,,,,,,,,,,,,
247655, GO 3S Action Bundle,Camp Electronics,"Electronics
/
Action Cameras
/
Action Cams",Unlock your creativity with the Insta360 GO 3S Action Bundle. This powerful 4K camera delivers high-quality footage in a compact size and comes with the accessories you need to nail the perfect shot.,"Capture 4K hands-free POVs with MegaView FOV wide-angle lens for ultrawide shots with less distortion; a powerful chip provide high-quality footage
Action Pod includes a 2.2 in. flip screen, remote control, live preview and a 140 min. battery life; supports charging the camera while shooting, too
Gimbal-like FlowState Stabilization and Horizon Lock ensure your shots are always smooth and level
Magnetic design and array of handy accessories allow you to mount the camera in multiple places, so you can get creative and film at different angles
Capture underwater moments effortlessly with the IPX8 waterproof GO 3S or the IPX4 water-resistant Action Pod
Faster, efficient shots with QuickCapture, with just a single press
Gesture Control and Voice Control options offer easier shooting if the GO 3S is out of reach
Auto Editing finds highlights and edits them on beat with music
Easily share on any social platform in any ratio when shooting in FreeFrame Video
Included memory: 128 GB internal memory
Camera weighs only 1.4 oz. (39 g)",465,Multisport,0,0,https://www.rei.com/media/4754d89e-02a1-4c90-b533-d2b94666c108?size=2000,https://www.rei.com/product/247655/insta360-go-3s-action-bundle,,,,,,,,,,,,,
225359, Flip 6 Speaker,Camp Electronics,"Electronics
/
Music Devices
/
Portable Speakers","Take it anywhere in any weather—the JBL Flip 6 speaker is waterproof, dustproof and easy to carry. And with 12 hours of battery life, it lets you enjoy the high-quality sound till the sun goes down.","Engineered to deliver loud, crystal-clear, powerful sound
Racetrack-shaped woofer delivers exceptional low frequencies and midrange, while a separate tweeter produces crisp, clear high frequencies
Optimized dual passive radiators provide deep bass, fine-tuned using an advanced algorithm from Harman
IP67 waterproof and dustproof so you can bring the speaker anywhere
Battery provides up to 12 hrs. of playtime on a single charge
PartyBoost allows you to pair 2 JBL PartyBoost-compatible speakers together for stereo sound or link multiple PartyBoost-compatible speakers to truly pump up your party
Maximize your audio experience with the JBL Portable app—get updates and product support straight from your phone
Use the app to unlock features, amplify your audio or tweak your bass for total control over your sound
Features USB-C charging protection—a reminder sound will alert you to unplug if the connector detects water, salt or any other chemicals
Wirelessly connect up to 2 smartphones or tablets to the speaker and take turns enjoying JBL Original Pro sound",129.95,Casual,4.4,536,https://www.rei.com/media/2107b48d-3dfe-4450-9971-259fb1ed260b?size=2000,https://www.rei.com/product/225359/jbl-flip-6-speaker,,,,,,,,,,,,,
200654, Aurora Highrise 6P Tent,Tent,"Camping and Hiking
/
Tents
/
Camping Tents","With a spacious, standing-height design, simple setup and vibrant colors, the 6-person NEMO Aurora Highrise 6P tent extends joy to camping adventures with family or friends.","This versatile and inviting home under the stars features durable, high-quality materials and is ideal for escaping with the whole family or really spreading out as a couple
Steep side walls provide massive interior volume and standing room throughout
2 large doors and vestibules with Gatekeeper™ door clips offer easy entry and plenty of room for keeping camping essentials out of the weather
Large rain-protected side windows offer ventilation and great views
Durable fabrics and aluminum poles are designed to last a lifetime
Printed 150-denier polyester floor fabric adds character and brings smiles
Intuitive tent design makes setup quick and easy
Nightlight Pockets™ turn your headlamp (not included) into a tent lantern while removing blue light and casting an even glow
Multiple gear pockets keep essentials organized
Oversize duffel storage bag makes packing a breeze
Made with durable fabrics that meet flame-retardant standards without the use of FR chemicals; meets CGSB-182.1 requirements
Protected by the NEMO Lifetime Warranty",349.93,Camping,4.1,71,https://www.rei.com/media/b5ca0d0b-3351-49e7-812e-104b180a03ef?size=2000,https://www.rei.com/product/200654/nemo-aurora-highrise-6p-tent,,,,,,,,,,,,,
246476, Skydome 6-Person Screen Room Tent with Dark Room Technology,Tent,"Camping and Hiking
/
Tents
/
Camping Tents",Sleeping in past sunrise or kicking back outside? You'll be even more comfortable with the Coleman Skydome 6-Person Screen Room tent. Dark Room™ technology means mornings don't have to start at dawn.,"Dark Room technology blocks 90% of sunlight so you can sleep in, and it reduces heat inside the tent for additional comfort
10 x 4 ft. weatherproof screen room converts into an additional sleeping area for 1 person or provides space for extra storage or more room to lounge without bugs
Tent sets up in 5 minutes using preattached poles; front left corner on tent and rainfly and brow pole sleeve are color-coded red to help aid in fly orientation and setup
WeatherTec™ system's tublike floor, welded corners, waterproof 3,000 mm waterhead fabric and inverted/taped seams on rainfly and tent body help keep water from getting in
Strong frame has been tested to withstand up to 35 mph winds
Nearly vertical walls provide 20% more headroom than traditional Coleman tents
Wide door makes it easier to move airbeds, sleeping bags and other gear in and out of the tent
E-Port makes it easy to bring electrical power inside; gear pockets and loft keep small items stored away and organized
Dimensions: 10 x 12 ft. 6 in. with 6 ft. center height; fits 2 queen-size airbeds
Manufacturer offers a 1-year limited warranty",325,Camping,4.3,32,https://www.rei.com/media/eae0433f-a7a8-47be-87ae-940c2ecf6168?size=2000,https://www.rei.com/product/246476/coleman-skydome-6-person-screen-room-tent-with-dark-room-technology,,,,,,,,,,,,,
202982, Wonderland 6 Tent,Tent,"Camping and Hiking
/
Tents
/
Camping Tents","With 360° views and large awnings, the REI Co-op Wonderland 6 tent pitches into a comfy, 3-season headquarters for fun with a spacious interior that divides into 2 rooms for privacy.","Freestanding 6-person design features a triangulated center pole and an extended ridge pole for stability in windy conditions
Interior divider wall with center zip creates 2 interior rooms and can be easily removed to make a giant gathering area for socializing, dining, etc.
Near-vertical walls and rectangular floor plan maximize livable space
Strategic color coding on tent, fly, footprint and poles simplifies setup
Seam-sealed, cut-in floor
End awnings provide covered entry and add stability; roll awnings back for more light on sunny days
2 huge doors with weather protective awning for easy, drip-free access, views and ventilation; unzipped doors stuff away into pockets
Scalloped fly and awnings combine with big doors and windows provide 360° views, even with fly on
Scalloped fly plus low side vents and upper end and door vents create low-high chimney venting for climate control and condensation mitigation
Bugproof mesh paneling walls, windows and doors for great ventilation and views
Multiple interior storage options
Includes main stuff sack with shoulder strap and handle, plus separate organizer stuff sacks for poles and stakes
Comes with 18 stakes, 8 pre-attached reflective guylines with cleat-lock tighteners and a pole repair sleeve
Made with solution-dyed mesh, which supports reduced water and energy use compared with a conventional dyeing process 
Compatible with the Wonderland Mud Room (not included) for added storage space and covered entry
Footprint not included
REI is Climate Neutral Certified; as we work to actively reduce our footprint, we measure annual carbon emissions and purchase an equivalent amount of verified carbon credits",499,Camping,3.5,97,https://www.rei.com/media/fbfde3d5-4f6d-42ef-9764-30dd867811d0?size=2000,https://www.rei.com/product/202982/rei-co-op-wonderland-6-tent,,,,,,,,,,,,,
202538, DoubleNest Hammock,Sleeping Gear,"Camping and Hiking
/
Camp Furniture
/
Hammocks
/
Camping Hammocks","Spacious enough for two people, the ENO DoubleNest hammock gives you an all-access pass to relaxation. It's expertly constructed with durable yet soft FreeWave™ fabric and packs up small.","Updated with supremely comfortable, breathable and fast-drying FreeWave fabric
Made with exclusive crinkle treatment for exceptional softness and packability
Extended 9.5 ft. hammock body creates more room to stretch out, lie flat and relax
Time-tested, triple-stitched seam construction creates unmatched durability and protection against ripping or tearing
Refreshed hardware includes a custom side-release buckle and larger cordlock for easy setup and pack-up every time
Integrated stuff sack compresses the hammock to a travel-ready size and now offers a bonus internal stash pocket to store a phone or drink
Weighing in at just 1 lb. 3 oz., the DoubleNest packs down to the size of a grapefruit and is light enough to take anywhere
Specially designed carabiners easily attach to all ENO hammock straps or other secure anchor points and help maintain correct orientation for an easier hang
Straps and suspension system not included
Compatible with all ENO hammock straps, stands, bug nets, rain tarps and insulation systems (not included)
ENO plants 2 trees for every hammock purchase through their partnership with Trees for the Future
ENO is a member of the 1% For The Planet organization, donating 1% of sales to environmental nonprofits",74.95,Camping,4.6,834,https://www.rei.com/media/84d22620-a51e-4a8d-9c7d-ba7d04f89fc2?size=2000,https://www.rei.com/product/202538/eno-doublenest-hammock,,,,,,,,,,,,,
216364, AirRail Plus Sleeping Pad,Sleeping Gear,"Camping and Hiking
/
Sleeping Gear
/
Sleeping Pads
/
Self-inflating Pads",,"Hybrid design combines a self-inflating, insulated-foam center panel with large insulated air rails outside to keep you from rolling off
Contoured side rails provide support and comfort, ergonomically shaped to fit your body and maximize sleeping comfort
Cross-cored foam insulation is lightweight, compressible and stable
Quick-closing, high-flow valves
Durable 75-denier polyester top has an embossed nonslip surface; 75-denier polyester bottom resists wear; all seams are welded
Tapered mummy shape reduces weight and packed size
This pad has an R-value of 4.2, which makes it best for adventures in cold weather; it provides considerable insulation from ground temperature
Most sleeping pads we sell range from 1.0 (good for warm weather) to 5.5+ (for use in extreme cold); the higher the R-value, the more insulated the pad
R-value tested according to the ASTM F3340 standard
Stuff sack included
REI is Climate Neutral Certified; as we work to actively reduce our footprint, we measure annual carbon emissions and purchase an equivalent amount of verified carbon credits",115,"Camping, Backpacking",4.1,65,https://www.rei.com/media/d33e7512-b184-4f8b-8050-c54bf0fceeab?size=2000,https://www.rei.com/product/216364/rei-co-op-airrail-plus-sleeping-pad,,,,,,,,,,,,,
202288, Helix Insulated Air Sleeping Pad,Sleeping Gear,"Camping and Hiking
/
Sleeping Gear
/
Sleeping Pads
/
Air Pads","Light, plush and warm, the 3 in. thick REI Co-op Helix Insulated air sleeping pad will make you happy twice every trip—first when you carry it on your back and again when you hit it at bedtime.","3 in. thickness and an even, gridded weld pattern gives you a flat, mattresslike surface thick enough to keep you from touching the ground
2-layer reflective insulation (aluminum-coated PET film) gives you a warm night's sleep without adding weight to the pad
Dual custom valves make inflation and deflation quick and easy, and work seamlessly with the included pump sack
Interior baffle design and weld shape reduce internal stresses, which improves pad durability and longevity
Softly tapered shape provides maximum sleeping surface while fitting easily in trapezoidal tents
Regular size tapers to approximately 14 in. wide at footbox; wide size tapers to approximately 17 in. wide at footbox
This pad has an R-value of 4.9, which makes it best for adventures in cold weather; it provides considerable insulation from ground temperature
Also a good choice for those who just prefer a warm night's sleep no matter what
Most sleeping pads we sell range from 1.0 (good for warm weather) to 5.5+ (for use in extreme cold); the higher the R-value, the more insulated the pad
Made with 30-denier ripstop polyester with TPU lamination; included pump sack is made of 30-denier ripstop nylon with a polyurethane coating
Includes inflation pump sack, field repair kit and stuff sack
R-value tested according to the ASTM F3340 standard
REI is Climate Neutral Certified; as we work to actively reduce our footprint, we measure annual carbon emissions and purchase an equivalent amount of verified carbon credits",169,Backpacking,4.1,151,https://www.rei.com/media/03114700-d4bb-4fc5-88f5-5ad4354750ef?size=2000,https://www.rei.com/product/202288/rei-co-op-helix-insulated-air-sleeping-pad,,,,,,,,,,,,,
246601, MegaMat Auto Sleeping Pad,Sleeping Gear,"Camping and Hiking
/
Sleeping Gear
/
Sleeping Pads
/
Self-inflating Pads",Transform your vehicle into a convenient and cozy overnight spot with the Exped MegaMat Auto sleeping pad. The 4 in. thick pad is extremely comfortable—and ideal for side sleepers.,"Fits many mid-size trucks, compact SUVs, wagons and Tesla models
Practical welded grab handles on the sides and bottom of the mat allow for convenient handling and transport—no more awkward mat grappling
High-grade, open-cell polyurethane foam offers efficient insulation; horizontal air channels cored through foam reduce mat weight and bulk when packed down
4 in. mat thickness and 4-way stretch tricot polyester surface create a soft, comfortable experience that cradles the body and relieves pressure points
Wheel-well cutouts create an asymmetrical sleeping mat shape that fits between the wheel wells of many vehicles
Luxurious 100% recycled 50-denier tricot polyester face fabric is soft and stretchy for maximum next-to-skin comfort
3D vertical sidewall construction maximizes the available sleep area and reduces tapering at the edges, similar to your own mattress at home
2 sets of inflate and deflate FlatValves—one set at the ""head"" and one set at the ""foot""—allow for easy inflation and deflation no matter the mat's orientation
One-way, low-profile inflate FlatValves allow the mat to self-inflate when opened; insert the included valve pin into the valve opening to speed up air intake
One-way, high-airflow deflate FlatValves allow for efficient mat deflation
Use the included Top-Up Pump accessory to add additional air, creating a more firm sleep surface
Too firm? Open the inflate valve and press gently on the one-way flapper to purge excess air for a softer sleep surface
Includes a roll-top SideWinder stuff sack for storage and a temporary repair kit with an adhesive patch for quick and simple repairs
Use the Exped combo inflate/deflate Mega Pump accessory (not included) to more quickly and easily deflate your mat",429,Camping,0,0,https://www.rei.com/media/e6966584-6ea3-4aff-b51a-59d1bc6c444a?size=2000,https://www.rei.com/product/246601/exped-megamat-auto-sleeping-pad,,,,,,,,,,,,,
237545, Poco Premium Child Carrier,Backpacks,"Camping and Hiking
/
Hiking Backpacks
/
Baby Carrier Packs
/
Baby Carriers","Make the festival or hike a family affair with the Osprey Poco Premium child carrier, a deluxe carrier with all the bells and whistles, including a Fit-on-the-Fly hipbelt and removable child cockpit.","Double Halo harness with front-facing arm loops allows you to easily and safely buckle your child in place
Deluxe child cockpit is a fully framed and padded cockpit that surrounds the adjustable Double Halo harness and child seat for safety; removable and machine washable
Soft contact surfaces, anatomic fit and ventilated side panels provide comfort
Adjustable fit; 6 in. (15 cm) of torso length adjustment quickly and easily fits to a variety of body types while on the go
Built-in sunshade easily stores/deploys for on-the-go UPF 50+ UV protection for little ones
AirSpeed™ suspension provides a continuous panel of lightweight tensioned mesh that extends from the top of the back panel to the lumbar
The seamless structure contours automatically to the body, providing outstanding fit, excellent ventilation and unrestricted movement when wearing the carrier
Meets bluesign® PRODUCT requirements, which means materials and components have been selected that adhere to rigorous environmental and social criteria during production",395,Hiking,0,0,https://www.rei.com/media/27246d38-410f-4fbf-b6a5-5120257472d0?size=2000,https://www.rei.com/product/237545/osprey-poco-premium-child-carrier,,,,,,,,,,,,,
151849,Southwest 55 Pack,Backpacks,"Camping and Hiking
/
Hiking Backpacks
/
Backpacking Packs","If you live to descend and emerge from rocky canyons and otherworldly formations with calloused hands and sunbaked river sediment, Hyperlite Mountain Gear Southwest 55 pack is a reliable companion.","Superlight, robust main compartment is made with 100% waterproof Dyneema® composite fabric
White colorway is made with 50-denier Dyneema for a slightly lower pack weight
Black colorway is constructed with 150-denier Dyneema, which is more tightly woven for increased durability with a marginal increase in pack weight
55-liter (3,400 cu. in.) internal volume and 9.8-liter external volume (600 cu. in.) is ideal for weekend, section or thru-hikes or for trips requiring flexibility
The top can roll down to make the overall size of the pack similar to the 40-liter version, but that additional pack space can come in handy when you need it
3 external, solid Hardline with Dyneema pockets add an extra line of defense around the gear you'll want to quickly reach at any time without having to open your whole pack
Removable, contoured aluminum stays
Hardline with Dyneema shoulder straps with 0.375 in. closed cell foam and spacer mesh; 0.25 in. foam back panel pad
Roll-top closure system with side straps for vertical compression; side compression straps for horizontal compression
Top Y-strap compression is designed to secure gear
Hardline with Dyneema hipbelt with 0.125 in. closed-cell rigid foam; zippered pockets on hipbelt with #5 YKK zipper
Adjustable sternum strap with self-tensioning elastic
Hydro port and internal mesh hydro sleeve hold your hydration reservoir (not included)
4 exterior triglide buckles for optional Hyperlite Mountain Gear Pack Accessory Straps (not included)
Proprietary seam sealing on all side seams and behind all sewn-on pack features help keep the elements out
Ice axe loop",399,Backpacking,3.8,68,https://www.rei.com/media/bd586e31-89c5-40ca-8be7-c6319a69eefd?size=2000,https://www.rei.com/product/151849/hyperlite-mountain-gear-southwest-55-pack,,,,,,,,,,,,,
227954, Flash 22 Print Pack,Backpacks,"Camping and Hiking
/
Hiking Backpacks
/
Daypacks","Lean, clean and well-appointed, the REI Co-op Flash 22 Print pack is the perfect size for day hikes and done-in-a-day summits. It features a removable sit pad for enjoying those well-earned vistas.","Recycled ripstop nylon fabric features a nonfluorinated durable water repellent (DWR) finish to help moisture bead up on the surface
Integrated mesh hipbelt offers comfort and breathability, and can be tucked away when not in use
Hydration-compatible design includes an internal sleeve with a hang loop for a reservoir (reservoir not included) and exit ports to route the sip tube over either shoulder
Mesh back is soft, breathable and lightly padded for comfort; pad slips out for use as a sit pad
Breathable mesh shoulder straps have fold-over padding that softens contact with your neck and shoulders; sternum strap can be detached to save weight
Drawcord closure is covered by a lid with zippered pocket; 2-buckle closure on top lid keeps contents secure and stable
Zippered side-entry pocket for easy access and added security
Tall and deep side pockets hold water bottles (not included) and other trail essentials
Sunglass loop on left shoulder strap lets you hang your shades
2 interior slip pockets
Exterior loops can be used to lash on extra gear or add compression; attached tool loop on bottom of pack can be tucked away when not in use
Removable Packmod Bungee can be moved to any attachment point for personalization
Product meets the bluesign criteria
REI is Climate Neutral Certified; as we work to actively reduce our footprint, we measure annual carbon emissions and purchase an equivalent amount of verified carbon credits",59.95,Hiking,4.3,402,https://www.rei.com/media/857de853-7f93-4dd7-b059-87830351d57f?size=2000,https://www.rei.com/product/227954/rei-co-op-flash-22-print-pack,,,,,,,,,,,,,
206379, DELTA Pro Portable Power Station,Camp Electronics,"Camping and Hiking
/
Camp Electronics
/
Portable Power
/
Portable Power Stations","From tailgate parties to extreme power outages that last for days, the EcoFlow DELTA Pro portable power station has you covered at home or outdoors. Its expandable capacity can meet your energy needs.","Power 99.99% of heavy-duty devices at home, work or outdoors with the colossal 3.6 kWh AC output—or up to 7.2 kWh when you pair 2 units (additional unit not included)
This portable home battery has an expandable ecosystem for home backup, smart energy management, lower energy bills and more
It's also a complete power solution for RV road trips and outdoor adventures
Features 5 AC outlets and a 3,600 Wh capacity (Surge 7,200 Wh); 2 USB-A output ports; 2 USB-C ports; 2 DC5521 ports; 12.6V car output; 30A Anderson port
Increase to 10.8 kWh capacity with 2 Pro Smart Extra Batteries (not included) or to a whopping 25 kWh (requires additional units, not included) to power your home for days
If you need to power a 240V device, you can connect 2 DELTA Pro units (additional unit not included) and the Double Voltage Hub (not included)
X-Stream charging technology is fast, letting you fully charge from a standard AC wall outlet in just a few hours
You can also use solar energy to charge up (solar panels not included), thanks to a wide voltage range that's compatible with most third-party solar panels with MC4 connectors
You can also charge this portable power station from an EV station, giving you up to 3,000W fast charging at over 35,000 EV charging stations across the U.S.
Wall charge: 2.7 hrs. (1,800W) or 1.8 hrs. (3,000W, 240V VC input); solar charge: 4–8 hrs. (3 x 400W solar panels, not included); car charge: 37.5 hrs. (96W)",2499,Wall charge: 2.7 hours; wall charge: 1.8 hours; solar charge: 4-8 hours; car charge: 37.5 hours,4.9,474,https://www.rei.com/media/2689e04c-19f5-4846-ab74-4734ae9bfa35?size=2000,https://www.rei.com/product/206379/ecoflow-delta-pro-portable-power-station,,,,,,,,,,,,,
101491, ER310 E+READY Emergency Crank Weather Radio,Camp Electronics,Emergency Preparedness,"The Midland ER310 Emergency Crank Radio keeps you in the know when it comes to severe weather. In addition to digital AM and FM, it features a weather band with NOAA Weather Alert Radio capabilities.","Weather alerts sound when emergency warnings are issued by official emergency management personnel in your local area
Efficient and compact radio has a built-in flashlight with SOS and strobe functions to signal for help in an emergency
Rechargeable lithium-ion batteries provide up to 32 hrs. of continuous use; rechargeable battery power can be replenished by the built-in solar panel and ergonomic hand crank
Also runs on 6 AA batteries (not included) as a backup power option",70,Emergency Preparedness,4.2,99,https://www.rei.com/media/dbe4e034-194d-4f40-a9fc-6fe1dc7eac4a?size=2000,https://www.rei.com/product/101491/midland-er310-eready-emergency-crank-weather-radio,,,,,,,,,,,,,
234327, Charge 100 Max Power Bank,Camp Electronics,"Camping and Hiking
/
Camp Electronics
/
Portable Power
/
Power Banks","Designed to keep up with your daily life, the BioLite Charge 100 Max power bank can charge multiple devices at once—and fast. Compact and portable, this ultra-slim battery is made for life on the go.","USB-C ports deliver a reliable charge to laptops, earbuds, hotspots and more while the wireless charging keeps phones and tablets running without the need for a cord
Can charge up to 5 devices at the same time
Simultaneous recharge and pass-through charging
Battery: 25000 mAh (91.3Wh)
Outputs: 2x 100 W USB C-PD, 1x 15W USB-C, 1x 15W USB-A and 15W magnetic wireless (total output: 120W)
Inputs: USB C-PD, up to 65W
Charge Time: 1.5 hours by up-to-65W USB C-PD
Weight: 1 lb. 4.8 oz. (580 g)",149.95,Backpacking,4.5,30,https://www.rei.com/media/2cf72cef-433a-480e-ae85-ab65d6455075?size=2000,https://www.rei.com/product/234327/biolite-charge-100-max-power-bank,,,,,,,,,,,,,
235557," Outdoor Wash, Dry and Stow System",Camp Kitchen,"Camping and Hiking
/
Camp Kitchen
/
Cookware and Dinnerware
/
Camping Utensils
/
Camp Sinks","A self-contained system designed to clean, dry, store and transport your campsite cooking gear, the OXO Outdoor Wash, Dry and Stow System makes doing the dishes easier and more efficient.","4-piece set keeps camping kitchen gear clean and organized; set includes 2 spacious bins, a utensil case and a drying rack
Deep bin is perfect for soaking and scrubbing your camp kitchen gear, and the second bin is handy for a quick rinse
Both bins have comfortable handles for easy transport
Bins have silicone stoppers and removable drainage filters to release dishwater without releasing larger food particles
Spacious drying rack can hold plates, cups, bowls, pots and pans and has grooves in the base for airflow and quick drying (dishware not included)
Convenient utensil holder can fit 4 forks, 4 knives and 4 spoons (utensils not included)
When you're done, the utensil holder snaps onto the drying rack, and the rack and bins all nest for compact storage when it's time to hit the road
Additionally, you can store sponges and brushes (not included) in wash bin handles when not in use
Handles lock together to transport the set as one unit
Dishwasher-safe
Weight capacity: wash bin: 23 lbs.; rinse bin: 16 lbs.",59.95,Camping,4.6,10,https://www.rei.com/media/7d0cda5c-6cfc-404d-a41a-e14ec84a92ea?size=2000,https://www.rei.com/product/235557/oxo-outdoor-wash-dry-and-stow-system,,,,,,,,,,,,,
244155, Grilliput Portable Grill,Camp Kitchen,"Camping and Hiking
/
Camp Kitchen
/
Stoves and Grills
/
Camp Grills and Fire Pits
/
Campfire Grills","Grill on the go! Bring it backpacking, boating or to the beach—the UCO Grilliput portable grill is lightweight and assembles quickly. Use it to grill over a fire and cook enough food for 2–3 people.","Crafted from durable, high-quality stainless steel, it's beefy, beautiful and easy to clean
Deconstructs like a minimalist's dream, coming apart in seconds; all pieces fit together neatly in one of the grill's side rails
Includes 1 thick tube with a stopper, 1 thin tube with a cleaning groove, 2 outer grill rods with hooks and threads, 10 grill rods, 4 grill feet.
Grill parts fit inside the thick stainless-steel tube for easy and compact storage
Dishwasher safe
Barbecue area measures 10.2 x 9.1 in. (26 x 23 cm)
Packed dimensions are 0.9 x 11.4 in. (2.2 x 29 cm)",20.73,Camping,0,0,https://www.rei.com/media/9083fcfb-d3d4-4c30-b56e-9f8a8eee896e?size=2000,https://www.rei.com/product/244155/uco-grilliput-portable-grill,,,,,,,,,,,,,
230061, Perfect-Brew Travel French Press Vacuum Mug,Camp Kitchen,"Camping and Hiking
/
Camp Kitchen
/
Cookware and Dinnerware
/
Coffee and Tea
/
Camp Coffee Presses","Gotta have your French press coffee anytime, anywhere, but can't always sit still long enough to savor it? Meet your match with the Stanley Perfect-Brew Travel French Press vacuum-insulated mug.","Double-wall vacuum insulation keeps your beverage hot (for up to 4 hours) or cold (up to 5 hours, or up to 20 hours iced)
Drink-through opening means this doubles as a travel mug
18/8 stainless steel is BPA-free
Leakproof lid
Easy-clean filter; dishwasher-safe",26.93,Multisport,4.5,59,https://www.rei.com/media/213b0543-dba8-43dc-907c-16010eadd5b9?size=2000,https://www.rei.com/product/230061/stanley-perfect-brew-travel-french-press-vacuum-mug,,,,,,,,,,,,,
204129, Peak Series Water Filter Straw,Camp Hydration,"Camping and Hiking
/
Camp Hydration
/
Portable Water Treatment
/
Portable Water Filters
/
Straw Water Filters","Weighing only 2.3 oz. and taking up little space in a pack or emergency kit, the LifeStraw Peak Series water filter straw is ideal for backup filtration, emergency use and ultralight treks.","Unlimited shelf life—no need to worry about how long the filter has been sitting in your go-bag unused
Can also be attached to water bottles and to standard gravity hoses
Reengineered LifeStraw filter helps reduce clogging from sand and silt
Built with premium materials to endure outdoor use and make it leakproof
0.2-micron filter physically removes 99.999999% of all bacteria, such as salmonella, cholera and E.coli; removes 99.999% of all parasites; removes 99.999% of microplastics
Also removes silt, sand and cloudiness greater than 0.2 micron
Membrane microfilter lasts up to 1,000 gal. (4,000 liters)
Meets U.S. EPA and NSF P231 drinking water standards for the removal of bacteria and parasites
For every LifeStraw product purchased, a child in need receives safe water for an entire school year",24.95,Emergency Preparedness,4.6,227,https://www.rei.com/media/5947a122-8916-431f-afba-ca314c3761a7?size=2000,https://www.rei.com/product/204129/lifestraw-peak-series-water-filter-straw,,,,,,,,,,,,,
211335,GO Hydration Water Faucet,Camp Hydration,"Camping and Hiking
/
Camp Hydration
/
Water Jugs","Get running water without a kitchen in sight. This Dometic GO Hydration water faucet provides a steady stream of water with just a touch for cooking, filling water bottles and brushing your teeth.","Place the pump directly on the Dometic GO Hydration Water Jug (not included) or any water container to transform it into a running water system—no external power source needed
Self-powered faucet includes a self-priming pump and hose with a rechargeable battery that dispenses 150 liters per charge
You can also mount the metallic base on your table to make food prep easy
Dispenses 1 liter a minute; 1-minute automatic shutoff function means you can turn it on and let it dispense without worrying about overflows or wasting water
Includes puck for faucet placement and a magnetic base for using faucet on other surfaces
Integrated LED light allows for easy use at night or in low light
Compact size and handles ensure easy transport between car and campsite
IPX4 rating means this can withstand splashing water from any angle
Made with BPA-free and food-grade materials",100,Camping,4.2,83,https://www.rei.com/media/9bf96597-cf31-434e-acdc-83085a1c401d?size=2000,https://www.rei.com/product/211335/dometic-go-hydration-water-faucet,,,,,,,,,,,,,
168734, Lightweight Wide-Mouth Vacuum Water Bottle - 32 fl. oz.,Camp Hydration,"Camping and Hiking
/
Camp Hydration
/
Water Bottles",Delivering all the ice-cold refreshment you need—without the extra weight—the Hydro Flask Trail Series Lightweight wide-mouth vacuum water bottle is built for long treks and spontaneous route changes.,"Tapered walls are thinner up top to save weight, and thicker on the bottom for durability
25% lighter than the original 32 fl. oz. Hydro Flask wide-mouth bottle
Honeycomb-insulated wide-mouth cap is leakproof and features a flexible perforated strap and aluminum pivots to cut weight
Keeps cold liquids cold for 24 hrs. and hot drinks hot for 12 hrs.
Compatible with Hydro Flask Wide-Mouth Straw lid, Wide-Mouth Flex Sip lid and Wide-Mouth Flex caps (not included)
Hydro Flask offers a lifetime warranty on this product",49.05,Multisport,4.5,888,https://www.rei.com/media/9bff9b53-4734-4971-9a54-0b20d094b52b?size=2000,https://www.rei.com/product/168734/hydro-flask-lightweight-wide-mouth-vacuum-water-bottle-32-fl-oz,,,,,,,,,,,,,
186577, Moonlite Reclining Camp Chair,Camp Furniture,"Camping and Hiking
/
Camp Furniture
/
Camp Chairs","Easy to set up and barely noticeable in your pack, the NEMO Moonlite reclining camp chair is a go-to for every adventure—from backyard barbecues and picnics in the park to camping in the mountains.","Multiposition reclining system allows you to lean forward or kick back and relax
An inclusive seat height and extremely durable frame makes the Moonlite comfortable, supportive, and easy to get in and out of for folks of all sizes
Seamless seat construction is made possible by custom-engineered mesh that conforms to your body when you sit
Intuitive design makes assembly a breeze with shockcord throughout the frame and ball-and-socket snap connectors
High-quality, well-fitting hardware builds confidence and offers a sleek aesthetic
Premium, forged 6061 aluminum hubs and tubular 7001 aluminum frame are refined, lightweight and sturdy
Circular and oval tubular aluminum poles offer a just-right blend of rigidity and flexibility for rock-solid support
100% postconsumer recycled materials are used to build asymmetric mesh, edge binding, webbing and ball-and-socket connection panels
Asymmetrical mesh and reclining hardware are bluesign® approved
Includes a compact carrying case; total weight of chair with carry case is 2 lbs. 2 oz.
Protected by the NEMO lifetime warranty",149.95,Camping,4.3,243,https://www.rei.com/media/e95b86f1-7b85-4c02-b92a-a2bcf9b26c61?size=2000,https://www.rei.com/product/186577/nemo-moonlite-reclining-camp-chair,,,,,,,,,,,,,
180406, Ember Hammock Underquilt,Camp Furniture,"Camping and Hiking
/
Camp Furniture
/
Hammocks
/
Hammock Accessories",Summer's over but you still want to hammock camp? The ENO Ember hammock underquilt is built with 2 layers of heat-trapping synthetic insulation to keep you toasty on your next hang out session.,"40–60°F temperature recommendation when paired with a comparable top quilt (not included)
Fully adjustable suspension adapts to any sleep position and is compatible with all ENO® hammocks (hammock not included)
Differential baffle construction eliminates cold spots and ensures maximum loft
Durable water repellent (DWR) finish and specialized coating provide wind and weather resistance
Comfortably fits users up to 6' 2""",119.95,Camping,4.5,30,https://www.rei.com/media/6cf96c7f-d8c6-4f52-8a79-f78149937a0e?size=2000,https://www.rei.com/product/180406/eno-ember-hammock-underquilt,,,,,,,,,,,,,
239065, Lounger DL Chair,Camp Furniture,"Camping and Hiking
/
Camp Furniture
/
Camp Chairs",Experience unmatched comfort and relaxation in the hammock-inspired ENO Lounger DL chair. It's quick to set up and convenient to carry in its own adventure-ready backpack.,"Made with supremely comfortable and supportive 100% recycled fabric
Cushioned pillow and armrests for ultimate relaxation
Adjustable legs adapt your seat height to your environment and lifestyle
Durable and lightweight aluminum frame sets up quickly and packs down easily
Integrated cup holder and stretch cargo pockets keep essentials by your side
Easily packs into the included adventure-ready backpack with adjustable shoulder straps
ENO is a member of the 1% for the Planet organization, donating 1% of sales to environmental nonprofits",149.95,Camping,0,0,https://www.rei.com/media/3bcdc464-f6b6-4a0e-ae5a-d17d45f21a37?size=2000,https://www.rei.com/product/239065/eno-lounger-dl-chair,,,,,,,,,,,,,
102806, MoonLit LED Micro Lantern,Lighting,"Camping and Hiking
/
Camp Lighting
/
Lanterns
/
Electric Lanterns","The versatile Nite Ize MoonLit LED Micro Lantern has a carabiner clip at the top so you can securely clip and hang it, providing ambient hands-free lighting just about anywhere.","Bright LED can be set to glow or flash, and swivels in place 360° to provide a comprehensive lighting solution in a compact package
MoonLit Micro Lantern is a great lighting companion for camping, fishing, reading, and clipping to poorly lit areas like closets and much more
Water-resistant construction with replaceable batteries that last over 60 hours
Includes two CR2032 coin-cell batteries
Push button on / off",11,Casual,4.7,103,https://www.rei.com/media/015abf65-fa70-4c25-91b1-df296c1ce0f6?size=2000,https://www.rei.com/product/102806/nite-ize-moonlit-led-micro-lantern,,,,,,,,,,,,,
137939, Crush Light Lantern,Lighting,"Camping and Hiking
/
Camp Lighting
/
Lanterns
/
Electric Lanterns","A collapsible solar-powered lantern that weighs a mere 3.2 oz., the Goal Zero Crush Light lantern lights up the night at your backcountry campsite with 3 settings and a flickering candle mode.","Casts 60 lumens of light and runs for 3-35 hrs. depending on setting used
Recharges via included micro-USB cable or the built-in solar panel
Powered by a lithium polymer battery
Open dimensions: 4.95 x 4.95 x 4 in.
Collapsed dimensions: 4.95 x 4.95 x 0.6 in.",19.95,"Camping

Backpacking",4,286,https://www.rei.com/media/df0cefeb-ea4d-4b4c-8f51-cbd8c66e6ad3?size=2000,https://www.rei.com/product/137939/goal-zero-crush-light-lantern,,,,,,,,,,,,,
189850, AlpenGlow 250 Lantern,Lighting,"Camping and Hiking
/
Camp Lighting
/
Lanterns
/
Electric Lanterns","Serving up ambient and task-based lighting inspired by nature, the BioLite AlpenGlow 250 lantern fills your environs with warm light. For added drama, turn on the candle flicker or rotating colors.","Provides 360° of lighting at up to 250 lumens; ChromaReal LED technology improves color rendering, offering better color accuracy
Shake the lantern and the internal accelerometer unlocks additional features like Candle Flicker or a mesmerizing rotation of color
Plenty of modes, including: full and half Cool Light, half Warm Light, full Candle Flicker, color Light, Color Party and more
Built in loop allows lantern to be hung for better area lighting
Small size makes it easy to pack and ready for the backyard or the backcountry
Runtime: 200 hrs. on low; 5 hrs. on high
Charge time: 3 hrs. via 5V/2A micro USB
USB-A Charge Out port allows you to charge or power other devices",59.95,Camping,4.8,113,https://www.rei.com/media/3e7cdc5a-9776-4f6f-a2fe-d05db01a6723?size=2000,https://www.rei.com/product/189850/biolite-alpenglow-250-lantern,,,,,,,,,,,,,
252289, Rebar Multi-Tool,Gadgets and Gears,"Camping and Hiking
/
Gadgets
/
Knives and Tools
/
Multi-Tools","With the tools your need to get even the toughest jobs done—in a smaller, slimmer size—the Leatherman Rebar multi-tool is sure to be your go-to for everything from camping trips to home projects.","Iconic box-like shape found in Tim Leatherman's original PST design
Rebar needlenose pliers have been optimized for strength and have replaceable wire/hard-wire cutters—a first for a 4 in. tool from Leatherman
Wire stripper
420HC knife
420HC serrated knife
Awl with thread loop
8 in. (19 cm) ruler
Can opener
Bottle opener
Wood/metal file
Phillips screwdriver
Large flathead screwdriver
Small flathead screwdriver
Every feature (except the pliers head) locks into place, so you can use the tools safely and effectively
Secure ring attaches the tool to a lanyard",89.95,Camping,0,0,https://www.rei.com/media/9fc577ab-5214-4e03-b86a-cd82010d32a7?size=2000,https://www.rei.com/product/252289/leatherman-rebar-multi-tool,,,,,,,,,,,,,
832504, Dime Keychain Multi-tool,Gadgets and Gears,"Camping and Hiking
/
Gadgets
/
Knives and Tools
/
Multi-Tools",The light and compact Gerber Dime keychain multi-tool takes the standard mini multi-tool to a whole new level with innovative components and a convenient design.,"Besides the usual pliers, wire cutters, blade, scissors, screwdrivers, tweezers and file, the Dime includes a unique blade for cutting/scoring plastic clamshell packaging
Thoughtful design features a bottle opener that is exposed even when the tool is closed
The Gerber Dime keychain multi-tool is made with 3Cr13 stainless steel",30.95,Camping,3.8,307,https://www.rei.com/media/ef5cd932-07a0-4cad-a421-07614165b4a9?size=2000,https://www.rei.com/product/832504/gerber-dime-keychain-multi-tool,,,,,,,,,,,,,
216314, Trailmade Trekking Poles - Pair,Gadgets and Gears,"Camping and Hiking
/
Gadgets
/
Trekking Poles and Hiking Staffs
/
Trekking Poles",Bring extra stability on your next hike. The easily adjustable REI Co-op Trailmade trekking poles put more support on the ground for extra balance on uneven terrain.,"REI-exclusive EVA foam grips offer light, breathable foam in ergonomic shapes that accommodate a variety of hand sizes and positions comfortably
A great fit for heights 5'1"" to over 6'
Adjustment locks have oversize levers for easy adjustments between users or to adapt to slope angle
Included trail baskets boast a generous size for flotation in soft soil and snow
Soft nylon wrist straps enhance comfort
Ensure levers are fully tightened and locked before each use; levers loosen in transport and over time, so they may need to be tightened to achieve proper locking tension
REI is Climate Neutral Certified; as we work to actively reduce our footprint, we measure annual carbon emissions and purchase an equivalent amount of verified carbon credits",79.95,Hiking,4.4,88,https://www.rei.com/media/849f147b-76f7-4d77-aa46-468e9a7c7312?size=2000,https://www.rei.com/product/216314/rei-co-op-trailmade-trekking-poles-pair,,,,,,,,,,,,,
768970, Permethrin Pump Spray - 24 oz.,Health and Safety,"Camping and Hiking
/
Health and Safety
/
Insect Repellent
/
Insect Repellent for Clothing","This insect-killing repellent for your clothing is effective against ticks, chiggers, mites and mosquitoes for up to 6 weeks.","Nonaerosol pump bottle contains 24 fl. oz. of repellent, or enough to coat four full outfits; a full outfit consists of shirt, trousers and socks
One treatment will last up to 6 washings or 6 weeks before clothing has to be treated again
Effective against ticks that carry Lyme disease and Rocky Mountain Spotted Fever
Repellent should be applied outdoors and before clothing is worn; hang clothing, spray and let dry two hours (four hours in humid conditions)
Avoid contact with skin and eyes",17.95,Camping,4.7,313,https://www.rei.com/media/80bdc778-b1b4-46b2-ad2f-5b070559a417?size=2000,https://www.rei.com/product/768970/sawyer-permethrin-pump-spray-24-oz,,,,,,,,,,,,,
669627, Four Function Whistle,Health and Safety,"Camping and Hiking
/
Health and Safety
/
Emergency and Survival
/
Whistles",Clip this compact survival whistle to your pack or life jacket for added safety to your outdoor travels.,"Features a loud, pealess whistle, Fahrenheit/Celsius thermometer, magnifying lens and compass with glow-in-the-dark dial
Spring-loaded metal clip for attachment to a belt or lanyard",6.5,Backpacking,4,63,https://www.rei.com/media/8be2567f-26d6-4be9-a600-2d93104d3898?size=2000,https://www.rei.com/product/669627/coghlans-four-function-whistle,,,,,,,,,,,,,
204290, FlatPak Soap Bar Case,Health and Safety,"Camping and Hiking
/
Health and Safety
/
Camp Bathroom
/
Soap and Shampoo
/
Camping Soap","Designed for ultralight travel, the Matador FlatPak Soap Bar case is up to 3 times lighter and 6 times more compact than plastic soap bar cases. Plus, your soap dries off while it's stashed inside.","Welded CORDURA® nylon construction with proprietary Matador coating offers leakproof durability; flexible fabric design adapts to the size of the soap bar
Lightweight and compact design makes it a go-to for gram counters and minimalist travelers
Dry-Through™ Technology allows the soap bar to dry through the case
TSA-approved sizing helps you travel worry-free
Hypalon® roll-top closure offers a secure seal; YKK® buckle lets you easily hang or attach the case wherever you need to
Fits most standard soap bars up to 4 x 2.4 x 1.3 in.",13.95,Travel,4.8,72,https://www.rei.com/media/92a4928b-8812-4e06-9ff2-84591e25c0ba?size=2000,https://www.rei.com/product/204290/matador-flatpak-soap-bar-case,,,,,,,,,,,,,
245819, Wiz Kid Headlamp - Kids',Kids Camping Gear,"Camping and Hiking
/
Camp Lighting
/
Headlamps
/
LED Headlamps","A compact 40-lumen headlamp for kids who love to explore outdoors, the rechargeable Black Diamond Wiz Kid has soft, eye-friendly illumination, a child-safe closure and breakaway elastic safety strap.","2 SinglePower LEDs provide 40 lumens of proximity lighting with full strength, dimmed and strobe modes
Diffused side lighting for soft, eye-friendly illumination
Lamp head tilts in both directions so it works even when put on upside down
Rechargeable with USB-C cable
CPSIA certified with child-safe battery compartment enclosure and breakaway elastic safety strap
Battery compartment requires an opening tool that's conveniently molded onto the elastic adjuster
Powers off after 2 hours to avoid accidental battery drain
Water-resistant design with IPX4 rating is protected against splashing or sprayed water from any angle",29.95,Camping,0,0,https://www.rei.com/media/b95fc6a5-23c7-4879-b514-9330651f96c0?size=2000,https://www.rei.com/product/245819/black-diamond-wiz-kid-headlamp-kids,,,,,,,,,,,,,
231482, Honcho Poncho - Kids',Kids Camping Gear,"Camping and Hiking
/
Sleeping Gear
/
Camp Blankets","Great for s'more making, camp naps and siblings' sports games, the kids' Therm-a-Rest Honcho Poncho is insulated and water-resistant to help keep your kiddo cozy.","Perfect any time your child needs a little extra warmth (and a great option for little ones who resist restrictive jackets)
Transforms from a comfy blanket into a poncho thanks to handy side snaps under the arms
Efficient, compressible and water-resistant synthetic eraLoft™ insulation stays warm even when wet and uses hollow fibers to reduce weight without sacrificing warmth
Offers a wet-weather barrier with its hood and water-resistant, breathable shell—perfect for puddle jumping
Kangaroo pocket keeps little hands warm and top zip pocket stows essentials
Packs into its own zip storage pocket
Fits most 5-to-10-year-olds",79.95,Camping,0,0,https://www.rei.com/media/0e7fc00e-eccd-41e0-9b23-0a457b9c7836?size=2000,https://www.rei.com/product/231482/therm-a-rest-honcho-poncho-kids,,,,,,,,,,,,,
193809, Tarn Trekking Poles - Pair - Kids',Kids Camping Gear,"Camping and Hiking
/
Gadgets
/
Trekking Poles and Hiking Staffs
/
Trekking Poles",Give your little hiker two more points of contact on the trail with the kids' REI Co-op Tarn trekking poles. Oversized camlocks make the poles easily adjustable to lengthen them as your kid grows.,"Adjustment locks have oversize lever for easy adjustments between users or to adapt to slope angle
A great fit for heights under 5'7""
Trail baskets boast a generous size for flotation in soft soil and snow
Adjustable wrist straps enhance comfort
Ensure levers are fully tightened and locked before each use; levers loosen in transport and over time, so they may need to be tightened to achieve proper locking tension
REI is Climate Neutral Certified; as we work to actively reduce our footprint, we measure annual carbon emissions and purchase an equivalent amount of verified carbon credits",64.95,Hiking,4.7,11,https://www.rei.com/media/ee681140-2129-4ff3-864b-7ca22bed5358?size=2000,https://www.rei.com/product/193809/rei-co-op-tarn-trekking-poles-pair-kids,,,,,,,,,,,,,
252708, Luci Solar String Lights - 18',Camp and Hike Deals,"Camping and Hiking
/
Camp Lighting
/
Lanterns
/
Electric Lanterns","Set your backyard or backcountry vibe with these warm-white MPOWERD Luci portable solar string lights. Shatterproof, water-resistant and solar- or USB port-powered, they're always ready to hang.","20 dual-directional, energy-efficient warm white LEDs in 10 shatterproof bulbs emit 100 lumens along an 18 ft. nylon braided cord hidden within the expandable unit
Includes a second nylon-braided cord for hanging
Built-in rechargeable 2000 mAh lithium-ion battery lasts up to 20 hrs. on a single charge; an indicator shows remaining battery life
Recharge fully in 16 hrs.with a high-efficiency solar panel or in 6–8 hrs. via a 2-way USB-A or USB-C quick-charge port
Includes a built-in LED external flashlight
4 clear light modes: low, medium, high and flashlight; 6 color modes: blue, violet, turquoise, green, pink and cool white; color cycle mode
2-second quick shutoff
Durable design with an IPX4 water-resistant rating
Ideal for camping, RVing and boating, as well as watersports and backyard patios",38.73,Camping,3.2,2,https://www.rei.com/media/4c70df8b-0b8b-4fc7-929c-16c6dd527dec?size=2000,https://www.rei.com/product/252708/mpowerd-luci-solar-string-lights-18,,,,,,,,,,,,,
216203, Stargaze Reclining Camp Chair,Camp and Hike Deals,"Camping and Hiking
/
Camp Furniture
/
Camp Chairs","Offering a hammock-like experience with the easy setup of your favorite camp chair, the NEMO Stargaze reclining camp chair is made for clear evenings when stargazing—and s'mores—are on the menu.","Chair reclines to your preferred sitting angle with a smooth, easy swinging motion—simply lean back and shift your body weight
Tensioned straps support a deep reclining angle to offer you a full view of the night sky
Padded headrest can be adjusted on the fly to support a wide range of heights
Curved upright poles are engineered to more comfortably accommodate broad shoulders and create extra elbow room
2 integrated flexible cup holders keep beverages or accessories close at hand
Designed with a low center of gravity for stability on any surface, including rocky, sandy or uneven ground
Aircraft-grade aluminum suspension frame is sturdier than most camp chairs, yet still packs down quickly and compactly
Non-absorbent monofilament mesh is cool and breezy, resists bacteria, withstands sun exposure and quickly drains water if left in the rain
Updated pole design is more intuitive and cuts down on setup steps to make assembly quick and easy, with fewer pieces and anodized poles that naturally slot into place
Disassembles in a few steps and neatly fits into the included carrying case
Carrying case has an adjustable shoulder strap for easy portability",174.93,Camping,4.2,102,https://www.rei.com/media/4f849941-e575-42da-bbd3-f024c7fc4884?size=2000,https://www.rei.com/product/216203/nemo-stargaze-reclining-camp-chair?color=LAGOON,,,,,,,,,,,,,
884005, Pot Support,Camp and Hike Deals,"Camping and Hiking
/
Camp Kitchen
/
Stoves and Grills
/
Backpacking Stoves and Accessories
/
Backpacking Stove Accessories","The locking Pot Support adapts the Jetboil burner for use with the Jetboil Fluxring Fry Pan and 1.5-liter Cooking Pot (sold separately), as well as a wide variety of traditional pots and pans.","Support flanges fold so the Pot Support can be stowed inside Jetboil system cups
Locks securely to burner base",8.19,Backpacking,4.4,95,https://www.rei.com/media/fa976b08-d099-4da4-b345-de6a13a140f8?size=2000,https://www.rei.com/product/884005/jetboil-pot-support,,,,,,,,,,,,,
247832,Squeeze Water Filtration System with Cnoc Premium 2-Liter Bladder,Camp Hydration,"Camping and Hiking
/
Camp Hydration
/
Portable Water Treatment
/
Portable Water Filters
/
Gravity Water Filters","Designed to be used solo or with a crew, the Sawyer Squeeze water filtration system includes a rugged Cnoc Premium 2-liter bladder for fast, easy water refills on any backpacking adventure.","Sawyer Squeeze filter is reusable and easy to clean, lasting up to 100,000 gallons
0.1 micron ABSOLUTE hollow-fiber membrane filter removes 99.99999% of all bacteria, such as salmonella, cholera and E.coli
Filter also removes 99.9999% of all protozoa (parasites), such as giardia and cryptosporidia, and removes 100% of microplastics
Fiber walls inside the Sawyer hollow-fiber membrane filters are thicker, making them stronger than other hollow-fiber membranes which allows for more rigorous backwashing
Every Sawyer Filter is tested 3 times during the manufacturing process
Cnoc 2-liter (64 fl. oz.) bladder is made from extra-durable TPU with a wide-mouth opening for fast, easy filling
TPU bladder is BPA-free and FDA-approved
The system weighs less than 6 oz. and includes a cleaning coupling and cleaning plunger
Use as a squeeze filter or hang to use as a gravity system
Over the past 10 years, Sawyer has teamed up with over 140 charities in 80 countries to provide long-term relief domestically, internationally and in disaster situations",64.95,Backpacking,5,10,https://www.rei.com/media/f50e522f-4bad-415e-ad95-dd376cb53fe7?size=2000,https://www.rei.com/product/247832/sawyer-squeeze-water-filtration-system-with-cnoc-premium-2-liter-bladder,,,,,,,,,,,,,
103050, Squeeze Water Filter System,Camp Hydration,"Camping and Hiking
/
Camp Hydration
/
Portable Water Treatment
/
Portable Water Filters
/
Gravity Water Filters","The Sawyer Squeeze Water Filter has a field weight of only 3 oz., and it makes filtering water as simple as filling a pouch and squeezing water into your mouth. No pills, no pumps and no wait time.","Updated from the original version, the Squeeze Filter includes 2 32 fl. oz. pouches, a cleaning coupling and additional accessories for gravity and inline use
Hollow-fiber membrane filter removes 99.99999% of all bacteria, such as salmonella, cholera and E.coli; removes 99.9999% of all protozoa, such as giardia and cryptosporidia
Collapsible pouches are made from durable Mylar foil and can be reused hundreds of times
Simply fill up the included water pouches at a lake or stream, screw the hollow-fiber filter onto the pouch and squeeze the pouch to push the water through the filter
Filter has a built-in flip-top cap so you can spray water straight into your mouth or use it to fill a water bottle; squeeze filter fills most water bottles in only 30 sec.
Includes the Inline Adapters so you can use your squeeze filter inline on a hydration pack
Includes gravity tubing which allows you to hook up the Squeeze Filter as a gravity filter
Also comes with a syringe to back-flush the filter to maintain a high flow rate
Filter fits the threads on most bottles of water that you buy at a grocery store
Includes a mesh carrying case
Avoid freezing this filter; freezing may ruin the hollow-fiber membrane",45.95,Backpacking,4.2,541,https://www.rei.com/media/7d089b12-6523-4159-9f5d-d4a7b0134541?size=2000,https://www.rei.com/product/103050/sawyer-squeeze-water-filter-system,,,,,,,,,,,,,
229293, Skydome 4-Person Tent,Tent,"Camping and Hiking
/
Tents
/
Camping Tents","Enjoy more time with friends and family on your next camping trip. The Coleman Skydome 4-person tent is easy to assemble, thanks to the preattached tent poles that take the guesswork out of setup.","Compact size of this 4-person tent makes it a great choice for car camping adventures
Spacious interior gives you plenty of room to stretch out inside, thanks to the nearly vertical walls that offer 20% more headroom than a traditional Coleman dome tent
Wide door design makes it easy to move air beds, sleeping bags and other gear in and out
WeatherTec™ system has a tublike floor, patented welded corners and inverted seams to help keep you and your gear dry if a downpour is in the forecast
Quick setup in under 5 mins.",115,Camping,4.3,81,https://www.rei.com/media/5c76367b-cc71-486a-8afb-d07bc9b63aa2?size=2000,https://www.rei.com/product/229293/coleman-skydome-4-person-tent,,,,,,,,,,,,,
227904, Base Camp 6 Tent,Tent,"Camping and Hiking
/
Tents
/
Camping Tents","Dispersed camping, vehicle-supported overnights and campground stays—whatever your flavor of adventure, our member-favorite REI Co-op Base Camp 6 tent offers a robust shelter in any weather.","Rugged materials and proven architecture are designed to be highly stable while maximizing interior livability in this full-featured tent
Dead-end pole sleeves and color-coding on poles and sleeves simplify setup, so it's easy to know which one goes where
Compatible with the Base Camp Vehicle Connector (item #227903; not included), which shields you from the sun or drizzle as you move between your vehicle and tent
Nonfluorinated durable water repellent (DWR) helps moisture bead up on the surface of the canopy and rainfly fabric
Wide-mouth door orientation gives all sleepers equal access to the 2 doors—no need to crawl over a tent mate to get in and out
Large doors have solid fabric for privacy and mesh for ventilation; inner doors hang out of the way and can tuck into roof pockets
4 roof vents plus a low side vent improve ventilation, helping control condensation; zippered access allows you to adjust the vents from inside the tent
Large, pole-supported vestibule and a smaller stake-out vestibule provide covered storage front and rear; stake-out loops are large enough to accommodate skis or splitboards
Updated straight-zip vestibule doors offer greater ease and versatility
Multiple pockets and hang loops help organize gear and essentials inside the tent
Reflective trims and detailing help you see your tent at night
Includes a heavy-duty storage sack with shoulder sling, stakes, guylines and tighteners, as well as a pole-repair tube, a pole bag and a stake bag
Solution-dyed mesh reduces both water and energy used in manufacturing
Compatible with REI Co-op Base Camp 6 footprint (item #227902; not included)
REI is Climate Neutral Certified; as we work to actively reduce our footprint, we measure annual carbon emissions and purchase an equivalent amount of verified carbon credits",549,Camping,3.9,235,https://www.rei.com/media/076c4dd0-b476-4f5d-98fa-fc380deb1d8f?size=2000,https://www.rei.com/product/227904/rei-co-op-base-camp-6-tent,,,,,,,,,,,,,
109955, Core Battery,Lighting,"Camping and Hiking
/
Camp Lighting
/
Headlamps
/
Headlamp Accessories","A high-capacity lithium ion 1250 mAh rechargeable battery, the Petzl Core guarantees high-performance lighting for compact Petzl hybrid headlamps and recharges directly with an integrated USB port.","Battery serves as an economical and sustainable main power supply or backup battery
Indicators show charge and remaining burn time
USB/micro-USB charging cable included
Compatible with the 2017 models of the Petzl Tikkina, Tikka, Zipka, Actik, Actik Core, Tactikka, Tactikka +, Tactika Core and Tactikka + RGB headlamps
Also compatible with 2018 models of the Petzl Tikkid headlamp",29.95,Multisport,3.9,111,https://www.rei.com/media/62eb43e3-2ea4-4dfd-8966-c8a1f0778308?size=2000,https://www.rei.com/product/109955/petzl-core-battery,,,,,,,,,,,,,
205212, Classic Recharge 800 Lumens LED Lantern,Lighting,"Camping and Hiking
/
Camp Lighting
/
Lanterns
/
Electric Lanterns","Keep your campsite lit all through the night with the Coleman Classic Recharge 800 Lumens LED Lantern. Place it on the table while your crew dukes it out over cards, or hang it up in your tent.","Rechargeable lithium-ion battery and a durable, impact-resistant design make this lantern an essential component of your camping kit
Modern, metal-inspired texture is inspired by Coleman original fuel-burning lanterns
Updated bail handle with a built-in carabiner makes it easier to carry and hang
4800 mAh built-in, lithium-ion rechargeable battery features battery level indicators; included USB-to-USB-C cord nests in lantern base
Includes a charging station to juice up personal devices even when lantern is in use
High-performing lifetime LEDs never need replacing and produce up to 800 lumens on high, 300 lumens on medium or 100 lumens on low
Run time is up to 5 hrs. on high, 15 hrs. on medium, 45 hrs. on low or 45 hrs. on flashing
Beam distance is up to 18 m on high, 11 m on medium or 7 m on low
Durable plastic design with IPX4 water resistance and impact resistance is ideal for outdoor use
The manufacturer offers a 3-year limited warranty on this product",75,Camping,4.8,72,https://www.rei.com/product/205212/coleman-classic-recharge-800-lumens-led-lantern,https://www.rei.com/product/205212/coleman-classic-recharge-800-lumens-led-lantern,,,,,,,,,,,,,
174380, Retro Pile Fleece Jacket - Men's,Hiking Clothing ,"Men's Clothing
/
Men's Jackets
/
Men's Fleece and Soft-Shell Jackets
/
Men's Fleece Jackets","Made of 100% recycled shearling fleece, the men's Patagonia Retro Pile jacket provides warmth for any cool-weather venture, thanks to a soft, fuzzy exterior and a smooth, skin-friendly interior.","Polyester double-sided shearling fleece is made from 100% recycled materials
Zip-through, stand-up collar provides heat-trapping comfort
Raglan sleeves allow full mobility and comfort under pack straps
Flatseam construction throughout reduces bulk and helps minimize seam chafe
Left-chest pocket and 2 front pockets provide secure storage for daily necessities and come equipped with webbing zipper pulls
Soft spandex trim finishes the cuffs and hem
Fair Trade Certified™ sewn, which means the people who made it earned a premium for their labor",149,Multisport,4.4,89,https://www.rei.com/media/3038d49b-bbf2-4695-81dc-9728cfe6b46c?size=2000,https://www.rei.com/product/174380/patagonia-retro-pile-fleece-jacket-mens,,,,,,,,,,,,,
825037, Hiker Micro Crew Cushion Socks - Men's,Hiking Clothing ,"Footwear
/
Socks
/
Hiking Socks
/
Men's Hiking Socks","Tested on the Vermont Long Trail, these Darn Tough socks provide a high level of cushioned performance. Made with merino wool, they're comfortable and durable.","Darn Tough uses a custom-count, shrink-treated merino wool that enhances comfort and durability for outdoor activities
Merino wool wicks away moisture and breathes to regulate temperature for outstanding comfort in a variety of conditions
Mid-level cushion density under foot
Provides reinforcement at the heels and toes and elastic support around the arch
Ring-toe construction hides seams and enhances comfort
Noncushioned, wide-ribbed, crew-height legs
Darn Tough recommends that you machine wash socks inside out in warm water on gentle cycle and tumble dry on low",26,Hiking,4.7,1146,https://www.rei.com/media/f5d5b6bb-b123-44d6-9ca4-aecd3eef70a1?size=2000,https://www.rei.com/product/825037/darn-tough-hiker-micro-crew-cushion-socks-mens,,,,,,,,,,,,,
239565, Mountain 600 Leaf GTX Hiking Boots - Men's,Hiking Footwear,"Footwear
/
Men's Footwear
/
Men's Boots
/
Men's Hiking Boots
/
Men's Day Hiking Boots","Merging waterproof protection with Ortholite® Eco comfort, the men's Danner Mountain 600 Leaf GTX hiking boots are made to tackle the trails, so you can get out exploring no matter the weather.","Full-grain leather uppers are strong and durable; they use leather that's been put through 6 different tests before Danner made their selection to ensure quality
GORE-TEX 100% waterproof and breathable liners are made using 30% recycled material; they ensure that no water gets in, while allowing sweat and moisture to get out
OrthoLite Eco open-cell polyurethane footbeds use a special formulation featuring bio-oil to provide lasting comfort
Vibram® SPE rubberized EVA midsoles maintain the same cushioning properties as traditional EVA, but they are more durable and won't break down as easily
This technology in the midsoles enhances rebound, comfort and support
Vibram Fuga outsoles with self-adapting lugs and specially formulated Megagrip compound provide incredible grip on both wet and dry surfaces
Designed with a low profile for versatile, everyday wear and built to offer enough room for comfort; these boots fit slightly large—Danner recommends sizing down a half size
These boots are Recraftable by Danner, meaning they are eligible to be resoled, reconditioned and restitched",219.95,Hiking,4.6,30,https://www.rei.com/media/1c77fdfb-ee73-4069-afc1-93cebf26a8d1?size=2000,https://www.rei.com/product/239565/danner-mountain-600-leaf-gtx-hiking-boots-mens,,,,,,,,,,,,,
229809, Targhee IV Mid Waterproof Hiking Boots - Men's,Hiking Footwear,"Footwear
/
Men's Footwear
/
Men's Boots
/
Men's Hiking Boots
/
Men's Day Hiking Boots",Get out and explore in these KEEN waterproof hiking boots. Nubuck leather uppers with wide toeboxes offer out-of-the-box comfort. Durable TPU outsoles provide great grip.,"KEEN.DRY membranes provide waterproof/breathable protection for hiking in any conditions
Uppers are made with premium, environmentally preferred nubuck leather from a LWG-certified tannery
Original KEEN fit with generous space across the forefoot for toes to spread out
Breathable mesh linings
Padded tongues and collars for comfort
100% recycled PET laces
Eco Anti-Odor for natural odor control
Leather mud shields repel debris
Durable rubber toe bumper helps keep toes protected from rocks and debris
Removable Luftcell polyurethane (PU) insoles for long-lasting comfort
Direct-attach, air-injected Luftcell PU midsoles for long-lasting cushioning
LuftCore technology embeds a lightweight, air-injected core into higher-density foam for enhanced midsole cushioning
Heel-capture systems for added stability
Stability shanks deliver lightweight support
Innovative construction fuses the uppers and soles together for a longer-lasting bond without the use of glues and solvents
Abrasion-resistant KEEN.RUGGED outsoles are twice as durable as rubber
Nonmarking, multidirectional lugs for increased traction
12 mm heel-to-toe drop; 28 mm heel stack height",170,Hiking,4.4,596,https://www.rei.com/media/5f879dd2-083d-42f2-a53b-f163e83d2fdf?size=2000,https://www.rei.com/product/229809/keen-targhee-iv-mid-waterproof-hiking-boots-mens,,,,,,,,,,,,,
814928, Trauma Pak with QuikClot Kit,Health and Safety,"Camping and Hiking
/
Health and Safety
/
First Aid
/
First-Aid Kits",Quickly treat wounds and stop the bleeding with the Adventure Medical Kits Trauma Pak with QuikClot® kit. It's a great addition to a home emergency kit or backcountry survival kit.,"Includes one 3 in. conforming gauze pad, two 2 x 2 in. gauze pads, two 4 x 4 in. gauze pads, 1 pair of nitrile gloves, 1 triangular bandage and a 9 x 5 in. trauma pad
Includes one 25g package of QuikClot to stop moderate to severe bleeding fast; QuikClot speeds the coagulation of blood, resulting in a stable clot that stops bleeding
Also includes 4 antiseptic wipes and a 2 x 26 in. roll of duct tape
Adventure Medical Kits Trauma Pak with QuikClot® kit includes specialized instructions for treating major trauma injuries",29.95,Multisport,4.9,24,https://www.rei.com/media/886af76b-b06e-4675-ae8b-aaf29d4b5f1b?size=2000,https://www.rei.com/product/814928/adventure-medical-kits-trauma-pak-with-quikclot-kit,,,,,,,,,,,,,
186387, Wilderness Wipes - Package of 36,Health and Safety,"Camping and Hiking
/
Health and Safety
/
Camp Bathroom
/
Soap and Shampoo
/
Camping Soap",Snuggling down to sleep with gritty arms and dirty feet doesn't feel good. Sea to Summit Wilderness Wipes will clean and refresh you when you're still days away from a shower or even running water.,"Extra-thick wipes are soft and gentle on your skin, removing salt and unpleasant odors caused by sweat with no need to rinse
pH balanced for human skin
100% viscose fiber
Unscented wipes contain aloe vera and vitamin E
Resealable package includes 36 compact wipes that measure 8 x 6 in. each",9.95,"Backpacking

Camping",4.8,117,https://www.rei.com/media/4844e718-8159-4fe0-b7d1-cfbf2a028fda?size=2000,https://www.rei.com/product/186387/sea-to-summit-wilderness-wipes-package-of-36,,,,,,,,,,,,,
246066, Thrive Flip Straw Kids' Water Bottle - 14 fl. oz.,Kids Camping Gear,"Camping and Hiking
/
Camp Hydration
/
Water Bottles","Give your little adventurer a spill-free way to stay hydrated with the 14 fl. oz. Camelbak Thrive Flip Straw Kids' water bottle—they just need to flip, bite and sip.","Flip, bite and sip with the drink-through straw
Easy to carry with the comfortable carry handle
Easy to clean—the whole bottle is dishwasher safe, making for easier and faster cleanup",15,Multisport,0,0,https://www.rei.com/media/a7db0b99-b240-4833-a31f-2aa7eaff6d1a?size=2000,https://www.rei.com/product/246066/camelbak-thrive-flip-straw-kids-water-bottle-14-fl-oz,,,,,,,,,,,,,
207349, Premiums Polarized Sunglasses - Kids',Kids Camping Gear,"Camping and Hiking
/
Sunglasses
/
Kids' Sunglasses","With a formfitting design that helps keep these shades from flying off on swing sets and playgrounds, the Knockaround Kids Premiums sunglasses fit most kids ages 1 to 5 years old.","Kids Premiums sunglasses are modeled after the adult Premiums frame style and feature embedded K logos on the outside of each arm
UV400 rating means these sunglasses block 99–100 percent of UV rays
Polarized lenses decrease eye strain by reducing visible glare from water, snow, sand and pavement
FDA-approved, impact-resistant lenses
Soft, protective pouch included",25,Casual,4.6,16,https://www.rei.com/media/ef0af4b3-3100-4a59-9ad3-41f56ecfc3f8?size=2000,https://www.rei.com/product/207349/knockaround-premiums-polarized-sunglasses-kids,,,,,,,,,,,,,
245469, fenix 8 AMOLED Sapphire,Camp Electronics,"Camping and Hiking
/
Camp Electronics
/
Watches
/
GPS Sports Watches","An advanced multisport GPS smartwatch with a bright, scratch-resistant display, the Garmin fenix 8 AMOLED Sapphire is for serious athletes and outdoor adventurers who want to push beyond their limits.","Bright AMOLED (active-matrix organic light-emitting diode) display with scratch-resistant sapphire lens
Powerful built-in LED flashlight for after-dark visibility
43 MM size features a durable steel or titanium bezel; 47 MM and 51 MM sizes feature a durable titanium bezel
43 MM battery performance: up to 10 days in smartwatch mode; up to 28 hrs. in GPS mode
47 MM battery performance: up to 16 days in smartwatch mode; up to 47 hrs. in GPS mode
51 MM battery performance: up to 29 days in smartwatch mode; up to 84 hrs. in GPS mode
Power up your performance, endurance and injury resistance with targeted strength-training plans, real-time stamina tracking, sport-specific workouts and built-in sports apps
Performance insights help you manage your exertion and build stamina; training readiness features show how much recovery time you need between workouts
Training readiness score is based on sleep quality, recovery, training load and heart rate variability (data presented is intended to be a close estimation of metrics tracked)
Dynamic round-trip routing simplifies planning by letting you set your target distance and receive turn-by-turn directions that adjust to get you back to the start on schedule
A built-in speaker and mic let you make and take phone calls from your wrist when your watch is paired to your smartphone
You can even use your smartphone's voice assistant to respond to text messages and more
Off-grid voice command feature lets you access select watch controls even without a smartphone connection
Multiband GPS with SatIQ™ technology—plus built-in sensors for 3-axis compass, gyroscope and barometric altimeter—let you navigate with superior positioning accuracy
Explore new vistas with preloaded TopoActive maps with relief shading—plus built-in maps for thousands of golf courses and ski resorts worldwide
40-meter dive rating and leakproof metal buttons let you reach new depths with support for scuba and apnea dive activities
24/7 health and wellness monitoring with wrist-based heart rate, advanced sleep monitoring, respiration tracking, Pulse Ox and more
This is not a medical device, and data presented is intended to be a close estimation of metrics tracked; Pulse Ox not available in all countries
ECG app can record your heart rhythm and check for signs of atrial fibrillation (not available in all regions; for people 22 years or older)
Additional features include music storage, Garmin Pay™ contactless payments (with supported country and payment network), smart notifications and more
Thermal- and shock-resistant to MIL-STD 810, the watch features a metal sensor guard cover to protect essential sensors from damage and wear during your toughest adventures",1100.00,Multisport,4.3,100,https://www.rei.com/media/e9180085-4d37-4daf-acd9-5bedefe078b6?size=2000,https://www.rei.com/product/245469/garmin-fenix-8-amoled-sapphire,,,,,,,,,,,,,
232656, Max Alkaline AA Batteries - Package of 16,Camp Electronics,"Camping and Hiking
/
Camp Electronics
/
Portable Power
/
Batteries","Locking in power for up to 12 years' shelf life, these trustworthy Energizer Max alkaline AA batteries deliver reliable power and protection to flashlights and other small devices.","Designed to protect your devices against damaging leaks for up to 2 years after fully used
Includes 16 AA batteries",16.95,Multisport,4.9,2339,https://www.rei.com/media/43ef9159-5d15-42d8-a95c-4cb7ed454c7d?size=2000,https://www.rei.com/product/232656/energizer-max-alkaline-aa-batteries-package-of-16,,,,,,,,,,,,,
203552, Nalgene Sustain Graphic Wide-Mouth Water Bottle - 32 fl. oz.,Camp Hydration,"Camping and Hiking
/
Camp Hydration
/
Water Bottles",Keep your fluid levels up when you play outside with the 32 fl. oz. REI Co-op Nalgene Sustain™ graphic wide-mouth water bottle. It's made from 50% waste plastic (using ISCC certified mass balance).,"Tritan Renew™ is derived from 50% waste plastic (using ISCC certified mass balance), transforming plastic destined for landfills into BPA-, BPS- and phthalate-free bottles
Completely leakproof with continuous, straight-shouldered, semibuttressed threads that keep the bottle sealed tight
Easy-to-clean, dishwasher-safe Tritan Renew copolyester material
Wide-mouth design is easy to fill with ice cubes
Built to last, guaranteed for life by Nalgene
REI is Climate Neutral Certified; as we work to actively reduce our footprint, we measure annual carbon emissions and purchase an equivalent amount of verified carbon credits",10.93,Multisport,4.8,185,https://www.rei.com/media/d5512f57-5112-4b05-ae8b-6eab49b460b3?size=2000,https://www.rei.com/product/203552/rei-co-op-nalgene-sustain-graphic-wide-mouth-water-bottle-32-fl-oz?color=90S%2520LOGO%252FCLEAR,,,,,,,,,,,,,
190131, Momentum Climbing Shoes - Men's,Climbing Shoes,"Climbing
/
Climbing Shoes
/
Men's Climbing Shoes","Feel comfy on the wall or the ground in the men's Black Diamond Momentum climbing shoes, designed with flexible, breathable knit uppers and molded rubber outsoles for locked-in support.","Updated, engineered knit uppers provide exceptional breathability and improved comfort; soft microfiber linings help to minimize stretch
Flat, neutral lasts allow you to climb or walk to and from your climbing zone comfortably
Updated soft flex midsoles provide added sensitivity for improved edging abilities while retaining comfort
Molded 4.3 mm rubber outsoles offer durability with the optimal performance and consistent tension of updated rubber heel geometry to keep your feet locked in
Lighter, softer toe rands improve the fit and comfort
2 hook-and-loop straps provide a comfortable, adjustable fit
Hemp footbeds deliver soft comfort underfoot
Constructed entirely with vegan materials",99.95,Rock Climbing,4.6,182,https://www.rei.com/media/344fc4e7-f639-4d76-8235-2a34bc216fd1?size=2000,https://www.rei.com/product/190131/black-diamond-momentum-climbing-shoes-mens,,,,,,,,,,,,,
897377, Helix Climbing Shoes - Men's,Climbing Shoes,"Climbing
/
Climbing Shoes
/
Men's Climbing Shoes","Built with a padded mesh tongue for comfort, the Italian-made Scarpa Helix climbing shoes for men feature Vibram® XS Edge rubber for the best mix of grip, edging and durability.","An improved fit in the heel complements the all-day comfort of the Helix that has been valued by new climbers and seasoned guides alike
Flat lasted construction delivers all-day comfort and performance
Vibram XS Edge provides incredible grip and durability
Light heel cup cushioning enhances all-day wear
To-the-toe lacing closure allows for a fine-tuned fit for almost any foot shape
Shoes can be resoled",129,Rock Climbing,4.2,109,https://www.rei.com/media/5bd7470f-744b-4679-af49-5bb9d68b7dcd?size=2000,https://www.rei.com/product/897377/scarpa-helix-climbing-shoes-mens,,,,,,,,,,,,,
190133, Momentum Climbing Shoes - Kids',Climbing Shoes,"Climbing
/
Climbing Shoes
/
Kids' Climbing Shoes","Send your kids up the climbing wall in the Black Diamond Momentum kids' climbing shoes. These entry-level shoes feature breathable, flexible knit uppers with microfabric midsoles to feel the action.","Engineered knit uppers provides exceptional breathability and improved comfort with soft microfiber lining to minimize stretch
Kid-specific flat, neutral lasts allow your kids to climb or walk to and from your climbing zone and around all day comfortably
Microfabric midsoles provide the sensitivity needed for improved edging while retaining comfort
Molded BlackLabel rubber outsoles built for durability, optimal consistency and performance consistency
Hook-and-loop strap provides a comfortable, adjustable fit that's easy to put on and take off
Hemp footbeds deliver soft comfort underfoot
Constructed entirely with vegan materials",69.95,Rock Climbing,4.6,42,https://www.rei.com/media/442ff730-6b9a-4b3e-b1d2-ac3168248110?size=2000,https://www.rei.com/product/190133/black-diamond-momentum-climbing-shoes-kids,,,,,,,,,,,,,
150174, Vapor V Climbing Shoes - Men's,Climbing Shoes,"Climbing
/
Climbing Shoes
/
Men's Climbing Shoes","With upgraded, all-microsuede uppers this season, the Scarpa Vapor V men's climbing shoes blend comfort and sensitivity for steep climbing performance whether you're jamming cracks or out on the face.","Medium charged Bi-Tension™ active randing pulls power from the toes instead of cramming them forward to achieve the same tension with improved comfort
Split outsoles provide flexibility
Padded mesh tongues ensure all-day cushioning
Rubber toe patch provides toe hooking grip",148.93,Rock Climbing,3.6,73,https://www.rei.com/media/65a0e7c0-ac7e-4306-a04d-93639e539c56?size=2000,https://www.rei.com/product/150174/scarpa-vapor-v-climbing-shoes-mens,,,,,,,,,,,,,
236066, Kubo Climbing Shoes - Men's,Climbing Shoes,"Climbing
/
Climbing Shoes
/
Men's Climbing Shoes","Delivering precision, power and plenty of comfort for long climbing sessions, the men's La Sportiva Kubo climbing shoes combine unlined uppers, sticky Vibram® XS Edge outsoles and a moderate downturn.","Unlined leather uppers with highly breathable, cushioned tongues keep you comfortable through long days on the wall
4 mm Vibram XS Edge rubber outsoles features a moderate downturn that promotes confident foothold positioning on the wall
Sticky toe-rubber patches are integrated into the rands, improving durability and providing great jamming and hooking performance
Heels are integrated into the soles for increased heel-hooking precision and grip
Opposing dual hook-and-loop closure system offers a precise, customizable fit
Designed for climbers of all abilities
Shoes can be resoled; La Sportiva Authorized Resolers can be found across North America
Constructed without intentionally added PFAS
Fit tip: La Sportiva recommends sizing down 1–2 sizes from your typical street shoe size",159,Rock Climbing,4.7,38,https://www.rei.com/media/12a062ab-79d4-476e-b798-37ecfaa71b64?size=2000,https://www.rei.com/product/236066/la-sportiva-kubo-climbing-shoes-mens,,,,,,,,,,,,,
162869, Momentum Harness Package - Men's,Climbing Harnesses,"Climbing
/
Climbing Harnesses
/
Men's Climbing Harnesses","The comfortable, dependable men's Black Diamond Momentum harness package combines a great all-around harness with the essentials you need to take on the vertical world.","Package includes an ATC-XP belay/rappel device, RockLock screwgate carabiner, Mojo chalk bag and BD White Gold chalk
Harness features 4 gear loops, adjustable leg loops and a comfortable waistbelt
Prethreaded waistbelt buckle provides a quick, secure fit and reduces error when you're tying in
Bullhorn-shaped waistbelt is built with Dual Core Construction™ for maximum comfort, especially on hanging belays
trakFIT™ adjustment allows easy customization of leg loops
Adjustable rear elastic riser sits close to your body
4 pressure-molded gear loops hold draws, cams and belay devices
Specs are for harness only",99.95,Climbing,4.8,205,https://www.rei.com/media/36c7ec1d-b9d2-4c46-a49d-a68ff6da3f81?size=2000,https://www.rei.com/product/162869/black-diamond-momentum-harness-package-mens,,,,,,,,,,,,,
126521, Solution Harness - Women's,Climbing Harnesses,"Climbing
/
Climbing Harnesses
/
Women's Climbing Harnesses","For redpoint burns and marathon belays, the women's Black Diamond Solution climbing harness sports a durable, contoured design to support a full range of motion without pressure points.","Fusion Comfort Technology™ uses 3 strands of low-profile webbing in the fixed leg loops and waist to distribute load evenly and minimize pressure points
Women-specific rise and fit sits higher on your torso than a man's harness would
4 pressure-molded gear loops
Adjustable, releasable elastic risers",79.95,Climbing,4.8,60,https://www.rei.com/media/fd6013ea-58b4-4d98-a9d8-543f77436984?size=2000,https://www.rei.com/product/126521/black-diamond-solution-harness-womens,,,,,,,,,,,,,
126507, Solution Harness - Men's,Climbing Harnesses,"Climbing
/
Climbing Harnesses
/
Men's Climbing Harnesses","Work your project all day long in the men's Black Diamond Solution climbing harness. Designed to fit the contours of your body, it banishes pressure points so you stay supported and moving freely.","Fusion Comfort Technology™ uses 3 strands of low-profile webbing in the fixed leg loops and waist to distribute load evenly and minimize pressure points
4 pressure-molded gear loops
Adjustable, releasable elastic risers",79.95,Climbing,4.7,191,https://www.rei.com/media/542333a1-cc90-4767-916b-0b924efeb106?size=2000,https://www.rei.com/product/126507/black-diamond-solution-harness-mens,,,,,,,,,,,,,
192811, 4 Slide Harness,Climbing Harnesses,"Climbing
/
Climbing Harnesses
/
Men's Climbing Harnesses","Ideal for beginners, expert climbers and everyone in between, the Mammut 4 Slide harness boasts comfort, user-friendly features and ample adjustability for a just-right fit.","4 Slide-Bloc buckles are user-friendly and quick to adjust for all body sizes and situations
2 hip buckles center harness on your waist, while buckles on leg loops easily accommodate different body sizes and clothing
Cushioning and padding provide comfort
4 large, preshaped gear loops let you to attach gear; also has haul loop
Wear indicator made from red material woven into the tie-in loop shines through the fabric to alert the user to damage
Certifications: CE EN 12277 Type C, UIAA",64.95,Climbing,4.6,44,https://www.rei.com/media/d8d13e7e-a31c-49c4-ac90-19472b81de9e?size=2000,https://www.rei.com/product/192811/mammut-4-slide-harness,,,,,,,,,,,,,
221873, Long Haul Harness,Climbing Harnesses,"Climbing
/
Climbing Harnesses
/
Men's Climbing Harnesses","An updated version of their ultimate aid climbing harness, the Black Diamond Long Haul harness is lightweight and extra padded for added comfort on big wall objectives.","Updated with lightweight materials and more padding
2 seamless nylon Infinity belay loops; 5 molded gear loops; rated haul loop
Quick-drop adjustable leg loops
Ice clipper slots",139.95,Climbing,4.5,33,https://www.rei.com/media/ca51a5ad-3d24-4118-b35e-29392f99863b?size=2000,https://www.rei.com/product/221873/black-diamond-long-haul-harness,,,,,,,,,,,,,
149644, ATC-Guide Belay Device,Climbing Hardware,"Climbing
/
Climbing Hardware
/
Belay and Rappel Devices","10% lighter than its predecessor with improved feeding and pulling in guide mode, the versatile Black Diamond ATC-Guide belay device offers multiple friction modes for belaying and rappelling.","Updated construction cuts weight to 80g and enhances rope handling
Dependably and smoothly handles 8.1-11mm rope diameters in all conditions
Durable cable holds its shape and resists getting caught up between ropes
Guide mode works with 1 or 2 climbers ascending and descending
Autoblock release hole accepts small carabiners",39.95,Climbing,5,104,https://www.rei.com/media/4164e4a4-35f7-4920-be1e-c4c376f512a3?size=2000,https://www.rei.com/product/149644/black-diamond-atc-guide-belay-device,,,,,,,,,,,,,
169034, LiteWire Carabiner,Climbing Hardware,"Climbing
/
Climbing Hardware
/
Carabiners","A trad climber's wiregate of choice for racking cams in the desert or the mountains, the Black Diamond LiteWire carabiner features hot-forged construction and a hinge-basket made for a narrow sling.","Large rope-bearing surface adds durability
Nose geometry allows efficient clipping/unclipping",8.95,Climbing,4.9,206,https://www.rei.com/media/157eb35b-094f-4c56-9543-0771e770da56?size=2000,https://www.rei.com/product/169034/black-diamond-litewire-carabiner,,,,,,,,,,,,,
162865, HotWire Quickpack - Package of 6,Climbing Hardware,"Climbing
/
Climbing Hardware
/
Quickdraws","Featuring lightweight, hot-forged HotWire carabiners at both ends, the Black Diamond HotWire Quickpack set of 6 quickdraws delivers no-frills performance so you can climb, clip and clean with ease.","Hot-forged construction results in a lighter weight; material has been removed where it's not needed and added where durability is key
Bottom HotWire carabiner is brightly colored to provide a visual target while climbing
Dual wiregates eliminate gate flutter and won't freeze up in alpine conditions
The durable, easy-to-grab 18mm polyester dogbone features a Straitjacket™ insert to keep the bottom carabiner properly oriented
Includes 6 quickdraws",99.95,Climbing,48,167,https://www.rei.com/media/fece286b-fc22-4c5e-9230-e7d81ac26fe1?size=2000,https://www.rei.com/product/162865/black-diamond-hotwire-quickpack-package-of-6,,,,,,,,,,,,,
169035, LiteWire Quickdraw Quickpack - 12 cm,Climbing Hardware,"Climbing
/
Climbing Hardware
/
Quickdraws","Ideal for racking cams on desert or alpine climbs, the Black Diamond LiteWire carabiner is a trad climber's wiregate of choice with hot-forged construction and a hinge-basket made for a narrow sling.","Hot-forged carabiner construction is strong and lightweight
Dual LiteWire wiregates eliminate gate flutter
Straitjacket insert keeps the bottom carabiner in the optimal clipping position
12 cm long, 12 mm wide Dynex™ dogbone",104.95,Climbing,4.9,50,https://www.rei.com/media/e136f3b4-eaa7-47ae-8ef6-f5d1e114459b?size=2000,https://www.rei.com/product/169035/black-diamond-litewire-quickdraw-quickpack-12-cm,,,,,,,,,,,,,
169032, RockLock Screwgate Carabiner,Climbing Hardware,"Climbing
/
Climbing Hardware
/
Carabiners","Ideal for belaying, rappelling or anchors, the hot-forged Black Diamond RockLock screwgate carabiner features a redesigned spine for better handling and a larger rope-bearing surface for durability.","Hot-forged construction provides light weight
Square hinge end is shaped to stay securely in place when clipped into a belay loop
Slightly curved spine maximizes the gate opening
Keylock nose helps prevent snagging
Screwgate sleeve can be operated with one hand
Type H/HMS connector for dynamic belaying using a Munter hitch or belay device",14.95,Climbing,4.8,177,https://www.rei.com/media/349531a4-6afb-4411-9dd3-f3742ab09a1c?size=2000,https://www.rei.com/product/169032/black-diamond-rocklock-screwgate-carabiner,,,,,,,,,,,,,
192801, Crag We Care Classic 9.5 mm Non-Dry Rope,Climbing Ropes,"Climbing
/
Climbing Ropes
/
Single Ropes","With a shell crafted from residual yarn left over from changes between different colors, the Mammut Crag We Care Classic 9.5 mm non-dry rope is an eco-conscious choice for sport and trad climbing.","Sheath is made of 100% residual yarn left over from changes between different colors, helping to reduce the environmental footprint of rope production by diverting waste
This residual yarn is a high-quality, brand-new raw material; all Crag We Care Classic 9.5 mm non-dry single ropes therefore fully comply with Mammut high quality standards
Each rope is a one-off, featuring its own individual pattern; comes in assorted colors only—sorry, specific color requests cannot be accommodated
Features a center mark",124.95,Climbing,4.8,103,https://www.rei.com/media/034e0b8c-0eeb-4bdf-b0e9-d9a4bba280b1?size=2000,https://www.rei.com/product/192801/mammut-crag-we-care-classic-95-mm-non-dry-rope,,,,,,,,,,,,,
167812, Gym Classic 9.5 mm x 40 m Non-Dry Rope,Climbing Ropes,"Climbing
/
Climbing Ropes
/
Single Ropes","A great choice for indoor climbing, the Mammut Gym Classic 9.5 mm x 40 m non-dry rope offers a great combination of handling, durability and light weight.","9.5 mm diameter is ideal for pushing your personal limits in the gym
40 m length is ideal for gym use or short outdoor crags
bluesign® approved product means the company took deliberate steps to reduce negative impacts on the health of the environment, workers and users",114.95,Climbing,4.7,95,https://www.rei.com/media/9b8cc379-2251-4a80-af47-afa206d22e65?size=2000,https://www.rei.com/product/167812/mammut-gym-classic-95-mm-x-40-m-non-dry-rope,,,,,,,,,,,,,
167813, Crag Classic 9.8 mm Non-Dry Rope,Climbing Ropes,"Climbing
/
Climbing Ropes
/
Single Ropes","Light enough to move fast, yet durable enough to really thrash, the Mammut Crag Classic 9.8 mm non-dry rope is a versatile, go-anywhere, climb-anything rope based on the popular Eternity construction.","9.8 mm size is light enough to move fast and keep your pack small, yet also durable for the rigors of climbing, so it's great for just about any climber and any route
60 m length balances long leads and rappels with weight and bulk for approach and descent; 70 m length allows extended leads and rappels on modern routes
bluesign® approved product means the company took deliberate steps to reduce negative impacts on the health of the environment, workers and users",179.95,Climbing,4.8,108,https://www.rei.com/media/9da3e72f-65db-4a5a-8d75-9c631c004e53?size=2000,https://www.rei.com/product/167813/mammut-crag-classic-98-mm-non-dry-rope,,,,,,,,,,,,,
129961, Dirt Bag II Rope Bag,Climbing Ropes,"Climbing
/
Climbing Ropes
/
Rope Bags","A popular rope bag with a large tarp and generous capacity, the Metolius Dirt Bag II rope bag is a lightweight option for toting your ropes to the rock.","Closure system is designed for durability and functionality
Volume: 1,595 cu. in.",39.95,Climbing,4,40,https://www.rei.com/media/d0921d41-c8f8-41e0-8215-f97cc0455642?size=2000,https://www.rei.com/product/129961/metolius-dirt-bag-ii-rope-bag,,,,,,,,,,,,,
167810, Crag Classic 9.5 mm Non-Dry Rope,Climbing Ropes,"Climbing
/
Climbing Ropes
/
Single Ropes","A great choice for both trad and sport climbing, the Mammut Crag Classic 9.5 mm non-dry rope offers a time-tested combination of light weight, great handling and durability.","70 m length allows extended leads and rappels on modern routes; 80 m length allows for lowering off the longest routes without the need for a second rope
9.5 mm diameter is ideal for a light single rope when you want to move light and fast on the approach and the climb, but still want good durability
bluesign® approved product means the company took deliberate steps to reduce negative impacts on the health of the environment, workers and users",199.95,Climbing,4.9,122,https://www.rei.com/media/6951b28a-f336-4450-9b35-e8dff10e0767?size=2000,https://www.rei.com/product/167810/mammut-crag-classic-95-mm-non-dry-rope,,,,,,,,,,,,,
191858, 10 mm Dynex Runner,Webbing And Cords,"Climbing
/
Webbing and Cords
/
Slings","Indispensable for building anchors, slinging natural features or extending placements to reduce rope drag, these Black Diamond Dynex Runners are an essential part of any alpine climber's rack.","Highly abrasion-resistant, lightweight, strong Dynex material won't weigh you down and absorbs less water than nylon, making it perfect for big routes and snowy or icy terrain
These superstrong, water-repellent runners resist freezing, making them ideal anchors for alpine and ice climbing
Each size is color-coded for quick and easy identification on your harness: 30 cm is red, 60 cm is gold, 120 cm is blue and 240 cm is gray
Runners are 10 mm wide and are available in 30, 60, 120 and 240 cm lengths",8.95,Climbing,4.9,186,https://www.rei.com/media/962d87c8-9780-4908-8b00-ac3ef5b26b4d?size=2000,https://www.rei.com/product/191858/black-diamond-10-mm-dynex-runner,,,,,,,,,,,,,
118266," 1"" Climb-Spec Tubular Webbing - 30 ft.",Webbing And Cords,"Climbing
/
Webbing and Cords
/
Webbing
/
Tubular Webbing","Preferred by climbers for its uncompromising construction, the 1 in. BlueWater Climb-Spec tubular webbing is perfect for making your own slings, runners and rappel anchors.","Climb-Spec tubular webbing outperforms normal mil-spec webbing in strength, flexibility, knot ability and durability
Designed with high thread count fine weave pattern in a tubular shape for minimum exposure of individual fibers, delivering exceptional abrasion resistance",18.95,Rock Climbing,4.6,59,https://www.rei.com/media/0c9370f6-2884-4d54-9b9a-98bdb626bf44?size=2000,https://www.rei.com/product/118266/bluewater-1-climb-spec-tubular-webbing-30-ft,,,,,,,,,,,,,
830934, Contact Sling Dyneema 8.0,Webbing And Cords,"Climbing
/
Webbing and Cords
/
Slings",Leave those old bulky slings at home! The slim Mammut Contact Sling 8.0 weighs only 14g (60cm length) and has great handling characteristics to make clipping easy.,"Sling has a narrow 8mm width and a low-profile connection in place of a knot
Dyneema®, a polyethylene fiber, is incredibly strong, lightweight and resistant to moisture and ultraviolet light
Contact stitching technique gives the sling great handling, even in the area of the seam
Add a couple lightweight carabiners (sold separately) to make your own extendable sling for alpine climbing",9.95,Climbing,4.9,147,https://www.rei.com/media/f1d65a17-7852-4a86-a51c-f5e173b9ab20?size=2000,https://www.rei.com/product/830934/mammut-contact-sling-dyneema-80,,,,,,,,,,,,,
716225, Accessory Cord - 6 mm,Webbing And Cords,"Climbing
/
Webbing and Cords
/
Cords","Specially designed with a durable, flexible sheath, PMI accessory cord with a 6 mm diameter is ideal for prusiks, rigging and lashing.","Sold by the foot
Please note: full spool length is 328 ft. and the spool may not contain 1 continuous piece of cord; REI cannot guarantee that large orders will be 1 continuous piece",0.6,Climbing,4.2,40,https://www.rei.com/media/a486153b-599a-4de2-b2f1-ffe640146f46?size=2000,https://www.rei.com/product/716225/pmi-accessory-cord-6-mm,,,,,,,,,,,,,
737298, 1'' Climb-Spec Tubular Webbing,Webbing And Cords,"Climbing
/
Webbing and Cords
/
Webbing
/
Tubular Webbing","Use this tubular webbing for making your own runners or etriers, for anchoring or for use as a sling.","Sewn in a tube shape and flattened out for double strength
When tying your own runners, leave at least 2"" tails for safety
Ideal for tying with a water knot; meant to be tightened under full-body weight
For proper instructions, consult a climbing reference, i.e. Mountaineering Freedom of the Hills
Please note: full spool length is 300 ft. and the spool may not contain 1 continuous piece of webbing; REI cannot guarantee that large orders will be 1 continuous piece",0.8,Climbing,4.9,47,https://www.rei.com/media/fb33c308-baab-4f93-9826-5c54ce9f2e8f?size=2000,https://www.rei.com/product/737298/bluewater-1-climb-spec-tubular-webbing,,,,,,,,,,,,,
657847, Climbing Tape,Essentials,"Climbing
/
Climbing Essentials
/
Climbing Tape",Keep climbing despite sore wrists and tweaked fingers--this athletic tape strengthens aching joints on long endurance climbs.,"Supportive and protective 1.5 in. width for broad coverage; 10 meter roll
Zinc oxide adhesive keeps it in place and is moisture-resistant",8.95,Climbing,4.4,74,https://www.rei.com/media/615d892d-e301-4806-a75b-d9a12f7ec0b9?size=2000,https://www.rei.com/product/657847/metolius-climbing-tape,,,,,,,,,,,,,
138575, Upshot Belay Glasses,Essentials,"Climbing
/
Climbing Essentials
/
Belay Glasses","Whether you're at the gym or the crag, the Metolius Upshot belay glasses help reduce neck strain and fatigue. This update includes a higher field of vision and increased periphery for a better view.","Field of vision aims higher on the wall than original Metolius belay glasses; increased peripheral vision lets you see even more of your partner's climb
Sport-style temples offer a comfortable and secure fit
Low-profile nosepads fit better when using with glasses or sunglasses
Includes lanyard, hard case and lens cloth for ease of transport and cleaning",64.95,Rock Climbing,3.8,21,https://www.rei.com/media/7b53b992-9818-4305-9deb-3a14d14e7759?size=2000,https://www.rei.com/product/138575/metolius-upshot-belay-glasses,,,,,,,,,,,,,
751721, Cordex Lightweight Belay Gloves,Essentials,"Climbing
/
Climbing Essentials
/
Rappelling Gloves","Petzl® Cordex gloves allow maximum dexterity while keeping your hands protected during belaying, rappelling, aid climbing and other activities.","Durable, double-layer goat leather protects palms, fingertips and the crotches between thumbs and index fingers
Stretchy, abrasion-resistant mesh backs enhance fit and breathability for comfort
Neoprene cuffs, with hook-and-loop wrap closures, secure gloves around wrists
Reinforced carabiner holes at cuffs let you clip gloves to a harness or stored them on a belt
Articulated, anatomic cut provides natural fit
With the durability of work glove and dexterity of driving glove, the Cordex can be used for all types of rope work",44.95,Climbing,4.5,72,https://www.rei.com/media/75b052bb-2f51-4e93-8fdf-17ea9e6c7065?size=2000,https://www.rei.com/product/751721/petzl-cordex-lightweight-belay-gloves,,,,,,,,,,,,,
129965, Session II Crash Pad,Essentials,"Climbing
/
Climbing Hardware
/
Climbing Protection
/
Bouldering Crash Pads","You move around while you work on boulder problems, so your pad should be easy to maneuver. The Metolius Session II crash pad has several updates to the previous version and still weighs only 9 lbs.","Redesigned flap closure system makes the pad easier to load; it reverses to cover up the shoulder straps while you're bouldering
2 new drag handles make it easier to position the pad while it's unfolded
Tough exterior fabric stands up to regular use outdoors; carpeted logo gives you a place to wipe your shoes clean
Padded shoulder straps make it easy to carry in to your favorite problems; waist belt included",199.95,Bouldering,4.5,33,https://www.rei.com/media/f983ac83-4e4a-4a9f-bf21-abfd7152958c?size=2000,https://www.rei.com/product/129965/metolius-session-ii-crash-pad,,,,,,,,,,,,,
243262,"Fast, light and alpine strong, the Arc'teryx Alpha FL 30 pack is made for climbing with a streamlined profile that stays out of the way. The intuitive drawcord system gives quick access to your gear.",Essentials,"Climbing
/
Climbing Essentials
/
Climbing Packs","Fast, light and alpine strong, the Arc'teryx Alpha FL 30 pack is made for climbing with a streamlined profile that stays out of the way. The intuitive drawcord system gives quick access to your gear.","Exceptionally weather-resistant and durable, it's made from proprietary 315-denier Hadron® AC2 LCP grid fabric to deliver unrivaled abrasion resistance for its weight
Arc'teryx AC2 (Advanced Composite Construction) technology system is seam-taped and highly water-resistant
Ultralight design and construction with full climbing functionality
Embedded RECCO® reflector can aid search in rescue situations
Rigid, formed back panel provides support and structure while remaining comfortable against the back
Lightly padded thermoformed shoulder straps are durable, light and comfortable
Adjustable, removable sternum strap
1.6 in. (4 cm) webbing hipbelt
RollTop™ closure
Pull-to-open/pull-to-close drawcord main compartment for easy access
Top strap can secure a rope
2 ice axe loops
6 integrated front lash points and an integrated bungee system provide customizable external carry options
Compression system can carry crampons, ice tools or a belay parka
External WaterTight™ zippered pocket with key clip
Internal security pocket
Large webbing pull tabs for quick, easy, glove-friendly access",280,Climbing,4.7,40,https://www.rei.com/media/e559c960-0cf8-46ba-809b-e8f42fb853db?size=2000,https://www.rei.com/product/243262/arcteryx-alpha-fl-30-pack,,,,,,,,,,,,,
237573, Notion Pants - Men's,Climbing Clothing,"Men's Clothing
/
Men's Pants
/
Men's Casual Pants","Whether you're cranking 4x4s in the bouldering gym or putting in serious burns on your project, the men's Black Diamond Notion pants deliver a comfortable, breathable, climbing-friendly fit.","Soft, drawstring elastic waistband layers comfortably under a harness
Reinforced knees stand up to chimneying, kneebars and other full-body tactics
Seat gusset offers freedom of mobility
Elastic cuffs provide a tapered, streamlined fit
2 hand pockets and 2 rear pockets stash your stuff",37.73,"Rock Climbing

Casual",4,36,https://www.rei.com/media/2c5d61db-8bba-46e3-b7c1-eb854cedb095?size=2000,https://www.rei.com/product/237573/black-diamond-notion-pants-mens,,,,,,,,,,,,,
218226, Cirque Lite Pants - Men's,Climbing Clothing,"Men's Clothing
/
Men's Pants
/
Men's Hiking Pants",,"Water- and wind-resistant fabric is breathable, lightweight and abrasion-resistant
Movement-mirroring stretch
Thin, stretch waist with adjustable belt
Thigh pocket and zip hand pockets
Gusseted crotch
Articulated knees with back-of-knee vents
Slim lower legs with elastic cuffs and loops for instep stirrups
Reinforced scuff guards",139,"Hiking

Climbing",4.5,146,https://www.rei.com/media/74f41b4f-e22d-4f88-a111-d68033c37c78?size=2000,https://www.rei.com/product/218226/outdoor-research-cirque-lite-pants-mens,,,,,,,,,,,,,
123591, Mountaineering Socks - Men's,Climbing Clothing,"Footwear
/
Socks
/
Hiking Socks
/
Men's Hiking Socks","With a streamlined fit that keeps up when trails get rough, Darn Tough men's Mountaineering socks are made for hearty souls who laugh at subzero windchill. Sleet, slush, snow? Keep it coming.","Over-the-calf height and extra cushioning make them ideal for long-distance hiking and climbing through subzero temperatures
Merino wool content helps socks stay cool in the summer and warm in the winter; it also naturally repels bacteria and odors
Fabric blend pulls moisture away from skin and dries quickly for comfort
Fine-gauge knitting ups the durability factor and offers a ""put it on, forget it's on"" feel
Performance fit means no slipping, no bunching and no blisters
Guaranteed for life by Darn Tough",35,"Hiking

Mountaineering",4.9,149,https://www.rei.com/media/f6da008b-e659-449b-836c-efbcab273a6a?size=2000,https://www.rei.com/product/123591/darn-tough-mountaineering-socks-mens,,,,,,,,,,,,,
